nps_id,date_sk,channel_sk,customer_id,score,is_detractor,is_passive,is_promoter,comment
13000000000,20240601,1,1083,10,0,0,1,
13000000001,20240311,1,1383,5,1,0,0,Volvería a comprar
13000000002,20240411,1,179,10,0,0,1,Atención muy buena
13000000003,20240630,1,566,7,0,1,0,Todo perfecto
13000000004,20250205,1,1004,8,0,1,0,Atención muy buena
13000000005,20250614,1,1261,10,0,0,1,Tardó un poco más de lo esperado
13000000006,20240419,1,1376,6,1,0,0,Todo perfecto
13000000007,20240703,1,837,3,1,0,0,Volvería a comprar
13000000008,20250721,1,994,7,0,1,0,Todo perfecto
13000000009,20240413,1,192,8,0,1,0,Entrega rápida y producto excelente
13000000010,20241104,1,1330,6,1,0,0,
13000000011,20250703,2,442,0,1,0,0,Atención muy buena
13000000012,20250430,1,57,7,0,1,0,Atención muy buena
13000000013,20250807,1,559,8,0,1,0,Entrega rápida y producto excelente
13000000014,20250416,1,130,10,0,0,1,Muy conforme con la calidad
13000000015,20240626,2,238,4,1,0,0,Volvería a comprar
13000000016,20250417,1,629,8,0,1,0,Entrega rápida y producto excelente
13000000017,20240520,2,1162,7,0,1,0,Entrega rápida y producto excelente
13000000018,20241005,2,80,9,0,0,1,Entrega rápida y producto excelente
13000000019,20240319,2,1233,2,1,0,0,Muy conforme con la calidad
13000000020,20240810,1,217,2,1,0,0,Entrega rápida y producto excelente
13000000021,20250819,2,1015,5,1,0,0,Volvería a comprar
13000000022,20240408,2,1086,7,0,1,0,Atención muy buena
13000000023,20240128,1,692,9,0,0,1,Muy conforme con la calidad
13000000024,20241026,1,960,6,1,0,0,Podría mejorar el empaque
13000000025,20250330,2,695,2,1,0,0,Volvería a comprar
13000000026,20250607,1,438,10,0,0,1,Volvería a comprar
13000000027,20250508,1,564,9,0,0,1,Muy conforme con la calidad
13000000028,20250525,1,1261,7,0,1,0,Volvería a comprar
13000000029,20240610,2,1122,4,1,0,0,Atención muy buena
13000000030,20251006,1,1427,5,1,0,0,Muy conforme con la calidad
13000000031,20240830,1,661,10,0,0,1,Podría mejorar el empaque
13000000032,20250208,2,1055,8,0,1,0,Todo perfecto
13000000033,20250308,2,321,8,0,1,0,Podría mejorar el empaque
13000000034,20240722,1,500,10,0,0,1,Atención muy buena
13000000035,20240618,1,544,8,0,1,0,Volvería a comprar
13000000036,20240723,2,1405,8,0,1,0,Atención muy buena
13000000037,20240831,1,952,5,1,0,0,Podría mejorar el empaque
13000000038,20241229,2,128,3,1,0,0,Entrega rápida y producto excelente
13000000039,20250702,2,342,8,0,1,0,Tardó un poco más de lo esperado
13000000040,20240521,2,19,3,1,0,0,Podría mejorar el empaque
13000000041,20240722,1,189,8,0,1,0,Muy conforme con la calidad
13000000042,20250907,1,797,4,1,0,0,Todo perfecto
13000000043,20241211,2,1004,8,0,1,0,Entrega rápida y producto excelente
13000000044,20250330,2,426,9,0,0,1,Todo perfecto
13000000045,20250813,1,1026,8,0,1,0,Muy conforme con la calidad
13000000046,20250419,2,812,7,0,1,0,
13000000047,20240313,1,994,10,0,0,1,Entrega rápida y producto excelente
13000000048,20250723,2,1171,10,0,0,1,
13000000049,20250326,2,1207,2,1,0,0,Podría mejorar el empaque
13000000050,20241118,1,1467,8,0,1,0,Todo perfecto
13000000051,20240606,2,1484,8,0,1,0,Muy conforme con la calidad
13000000052,20240523,1,815,9,0,0,1,Atención muy buena
13000000053,20240705,1,500,9,0,0,1,Todo perfecto
13000000054,20241216,2,1048,10,0,0,1,
13000000055,20240414,1,19,7,0,1,0,Entrega rápida y producto excelente
13000000056,20241005,2,804,7,0,1,0,Podría mejorar el empaque
13000000057,20241023,2,500,9,0,0,1,Entrega rápida y producto excelente
13000000058,20250618,2,1179,7,0,1,0,Podría mejorar el empaque
13000000059,20250405,2,902,9,0,0,1,Entrega rápida y producto excelente
13000000060,20240302,1,548,6,1,0,0,Atención muy buena
13000000061,20240115,1,1335,9,0,0,1,Volvería a comprar
13000000062,20240724,1,903,10,0,0,1,
13000000063,20250426,1,807,8,0,1,0,Todo perfecto
13000000064,20250328,2,43,7,0,1,0,Tardó un poco más de lo esperado
13000000065,20250430,2,1189,8,0,1,0,Todo perfecto
13000000066,20240630,1,554,7,0,1,0,Entrega rápida y producto excelente
13000000067,20250125,1,1411,9,0,0,1,Podría mejorar el empaque
13000000068,20240218,1,990,2,1,0,0,Podría mejorar el empaque
13000000069,20240430,2,581,8,0,1,0,Entrega rápida y producto excelente
13000000070,20250603,2,1214,2,1,0,0,Muy conforme con la calidad
13000000071,20250604,1,1182,8,0,1,0,
13000000072,20241015,2,56,9,0,0,1,Muy conforme con la calidad
13000000073,20240809,1,1443,9,0,0,1,Muy conforme con la calidad
13000000074,20240924,1,822,9,0,0,1,Podría mejorar el empaque
13000000075,20250727,1,18,7,0,1,0,Atención muy buena
13000000076,20241212,1,436,8,0,1,0,Podría mejorar el empaque
13000000077,20240815,2,558,9,0,0,1,Volvería a comprar
13000000078,20250426,2,1202,9,0,0,1,Todo perfecto
13000000079,20241006,2,1412,0,1,0,0,Podría mejorar el empaque
13000000080,20250302,2,1336,6,1,0,0,Tardó un poco más de lo esperado
13000000081,20250916,1,1336,7,0,1,0,Muy conforme con la calidad
13000000082,20241209,2,1224,10,0,0,1,
13000000083,20240728,1,859,9,0,0,1,Atención muy buena
13000000084,20240128,1,818,10,0,0,1,Volvería a comprar
13000000085,20241026,2,816,6,1,0,0,Entrega rápida y producto excelente
13000000086,20241016,1,653,9,0,0,1,Muy conforme con la calidad
13000000087,20241214,1,1056,8,0,1,0,Tardó un poco más de lo esperado
13000000088,20240205,1,1037,7,0,1,0,Entrega rápida y producto excelente
13000000089,20241228,2,959,8,0,1,0,Podría mejorar el empaque
13000000090,20241228,1,1406,6,1,0,0,Atención muy buena
13000000091,20250702,1,1296,9,0,0,1,Entrega rápida y producto excelente
13000000092,20250815,1,629,5,1,0,0,Atención muy buena
13000000093,20240306,2,439,4,1,0,0,Tardó un poco más de lo esperado
13000000094,20250901,1,1423,8,0,1,0,Todo perfecto
13000000095,20240529,2,1336,8,0,1,0,Podría mejorar el empaque
13000000096,20250824,2,1453,6,1,0,0,
13000000097,20240807,1,722,8,0,1,0,Podría mejorar el empaque
13000000098,20240808,1,616,10,0,0,1,Volvería a comprar
13000000099,20240815,1,1104,10,0,0,1,Todo perfecto
13000000100,20241017,1,1004,4,1,0,0,Tardó un poco más de lo esperado
13000000101,20240408,2,304,9,0,0,1,Podría mejorar el empaque
13000000102,20240114,2,114,10,0,0,1,Atención muy buena
13000000103,20241008,2,248,9,0,0,1,Entrega rápida y producto excelente
13000000104,20240518,1,208,5,1,0,0,Podría mejorar el empaque
13000000105,20240120,1,445,10,0,0,1,Tardó un poco más de lo esperado
13000000106,20240214,2,1304,10,0,0,1,Volvería a comprar
13000000107,20240829,1,1493,7,0,1,0,Muy conforme con la calidad
13000000108,20240822,1,1123,8,0,1,0,Entrega rápida y producto excelente
13000000109,20250724,2,174,5,1,0,0,Podría mejorar el empaque
13000000110,20250814,1,825,8,0,1,0,Podría mejorar el empaque
13000000111,20250615,2,1120,4,1,0,0,Todo perfecto
13000000112,20240112,1,1101,3,1,0,0,Atención muy buena
13000000113,20240210,2,659,7,0,1,0,Tardó un poco más de lo esperado
13000000114,20240123,1,1379,7,0,1,0,Tardó un poco más de lo esperado
13000000115,20250920,2,550,9,0,0,1,Volvería a comprar
13000000116,20240314,1,1177,7,0,1,0,Todo perfecto
13000000117,20250607,1,1149,9,0,0,1,Todo perfecto
13000000118,20250602,1,236,9,0,0,1,Volvería a comprar
13000000119,20250203,1,226,9,0,0,1,Volvería a comprar
13000000120,20250210,2,850,6,1,0,0,Entrega rápida y producto excelente
13000000121,20241019,1,599,8,0,1,0,Volvería a comprar
13000000122,20250817,2,1230,9,0,0,1,Entrega rápida y producto excelente
13000000123,20250310,1,1177,7,0,1,0,Volvería a comprar
13000000124,20250119,1,728,9,0,0,1,Todo perfecto
13000000125,20250125,2,268,7,0,1,0,Podría mejorar el empaque
13000000126,20241023,2,980,8,0,1,0,Atención muy buena
13000000127,20240202,2,902,5,1,0,0,Muy conforme con la calidad
13000000128,20240406,2,800,4,1,0,0,Podría mejorar el empaque
13000000129,20250421,1,1447,10,0,0,1,Podría mejorar el empaque
13000000130,20250222,1,130,7,0,1,0,Entrega rápida y producto excelente
13000000131,20250601,2,1176,9,0,0,1,Podría mejorar el empaque
13000000132,20250731,2,771,8,0,1,0,Entrega rápida y producto excelente
13000000133,20241205,1,158,0,1,0,0,Atención muy buena
13000000134,20250612,1,811,1,1,0,0,
13000000135,20241004,1,1369,8,0,1,0,Podría mejorar el empaque
13000000136,20250107,2,131,8,0,1,0,Atención muy buena
13000000137,20240714,2,69,9,0,0,1,
13000000138,20240727,1,395,9,0,0,1,Muy conforme con la calidad
13000000139,20250306,2,1106,6,1,0,0,Entrega rápida y producto excelente
13000000140,20240816,1,4,0,1,0,0,Atención muy buena
13000000141,20250716,1,292,7,0,1,0,
13000000142,20250124,1,1467,5,1,0,0,Entrega rápida y producto excelente
13000000143,20240908,1,317,1,1,0,0,Todo perfecto
13000000144,20250705,2,1374,10,0,0,1,Todo perfecto
13000000145,20240223,1,607,6,1,0,0,
13000000146,20250520,1,661,8,0,1,0,
13000000147,20240530,1,315,7,0,1,0,
13000000148,20241002,2,522,0,1,0,0,Podría mejorar el empaque
13000000149,20241016,1,697,2,1,0,0,Entrega rápida y producto excelente
13000000150,20250526,1,1351,5,1,0,0,Todo perfecto
13000000151,20250311,2,1209,9,0,0,1,Tardó un poco más de lo esperado
13000000152,20240927,1,93,8,0,1,0,Tardó un poco más de lo esperado
13000000153,20250707,2,8,8,0,1,0,
13000000154,20250208,1,1487,8,0,1,0,Todo perfecto
13000000155,20250604,1,501,9,0,0,1,
13000000156,20250705,1,949,8,0,1,0,
13000000157,20250114,1,745,10,0,0,1,Atención muy buena
13000000158,20250916,2,58,8,0,1,0,Atención muy buena
13000000159,20250507,1,1226,9,0,0,1,Muy conforme con la calidad
13000000160,20240331,2,952,8,0,1,0,Podría mejorar el empaque
13000000161,20250718,1,1424,7,0,1,0,Podría mejorar el empaque
13000000162,20250921,1,146,8,0,1,0,Volvería a comprar
13000000163,20250301,1,831,3,1,0,0,Todo perfecto
13000000164,20250804,1,991,0,1,0,0,Tardó un poco más de lo esperado
13000000165,20250111,1,485,8,0,1,0,Tardó un poco más de lo esperado
13000000166,20240812,2,789,4,1,0,0,Volvería a comprar
13000000167,20240326,1,1456,1,1,0,0,Entrega rápida y producto excelente
13000000168,20250619,2,1341,8,0,1,0,Todo perfecto
13000000169,20241215,1,993,7,0,1,0,Entrega rápida y producto excelente
13000000170,20241009,2,710,8,0,1,0,
13000000171,20240922,1,609,6,1,0,0,
13000000172,20250708,1,763,4,1,0,0,Tardó un poco más de lo esperado
13000000173,20250612,1,1356,1,1,0,0,Volvería a comprar
13000000174,20240602,2,1275,7,0,1,0,Entrega rápida y producto excelente
13000000175,20250917,2,490,9,0,0,1,Todo perfecto
13000000176,20240821,1,523,9,0,0,1,
13000000177,20240707,2,1234,9,0,0,1,Volvería a comprar
13000000178,20240806,1,1163,8,0,1,0,
13000000179,20251005,2,406,8,0,1,0,Atención muy buena
13000000180,20250710,1,835,2,1,0,0,Volvería a comprar
13000000181,20250507,1,320,8,0,1,0,Volvería a comprar
13000000182,20250106,1,414,7,0,1,0,Muy conforme con la calidad
13000000183,20240327,1,1463,9,0,0,1,
13000000184,20240726,2,928,10,0,0,1,
13000000185,20250221,1,643,9,0,0,1,Podría mejorar el empaque
13000000186,20250212,2,999,2,1,0,0,
13000000187,20250629,1,207,7,0,1,0,Muy conforme con la calidad
13000000188,20250222,1,641,0,1,0,0,Entrega rápida y producto excelente
13000000189,20251006,1,1110,1,1,0,0,Podría mejorar el empaque
13000000190,20250524,1,1062,8,0,1,0,Todo perfecto
13000000191,20240810,1,698,1,1,0,0,
13000000192,20250629,1,1236,10,0,0,1,Todo perfecto
13000000193,20240510,1,755,8,0,1,0,Volvería a comprar
13000000194,20240731,1,329,7,0,1,0,Podría mejorar el empaque
13000000195,20240925,1,800,7,0,1,0,Todo perfecto
13000000196,20240130,1,678,10,0,0,1,Todo perfecto
13000000197,20240514,1,1383,10,0,0,1,Tardó un poco más de lo esperado
13000000198,20240405,1,1251,10,0,0,1,Todo perfecto
13000000199,20240225,1,1252,7,0,1,0,Entrega rápida y producto excelente
13000000200,20250919,1,283,5,1,0,0,Todo perfecto
13000000201,20240714,2,907,2,1,0,0,Todo perfecto
13000000202,20241225,1,893,1,1,0,0,Entrega rápida y producto excelente
13000000203,20250428,2,413,8,0,1,0,Volvería a comprar
13000000204,20241027,2,788,10,0,0,1,Podría mejorar el empaque
13000000205,20250831,2,350,8,0,1,0,Todo perfecto
13000000206,20240118,2,758,5,1,0,0,Muy conforme con la calidad
13000000207,20250726,2,699,10,0,0,1,Muy conforme con la calidad
13000000208,20240206,1,689,9,0,0,1,Tardó un poco más de lo esperado
13000000209,20240424,1,348,1,1,0,0,Tardó un poco más de lo esperado
13000000210,20250502,1,974,9,0,0,1,Entrega rápida y producto excelente
13000000211,20250728,1,444,7,0,1,0,Muy conforme con la calidad
13000000212,20250906,1,96,9,0,0,1,Tardó un poco más de lo esperado
13000000213,20250119,1,674,7,0,1,0,Podría mejorar el empaque
13000000214,20241110,1,867,8,0,1,0,Muy conforme con la calidad
13000000215,20250726,1,686,7,0,1,0,
13000000216,20240609,1,640,10,0,0,1,Todo perfecto
13000000217,20240810,1,1191,9,0,0,1,Entrega rápida y producto excelente
13000000218,20250524,2,321,5,1,0,0,Volvería a comprar
13000000219,20240928,1,1045,3,1,0,0,Entrega rápida y producto excelente
13000000220,20240113,2,644,10,0,0,1,Atención muy buena
13000000221,20250722,2,514,8,0,1,0,Todo perfecto
13000000222,20250204,1,649,6,1,0,0,
13000000223,20250822,2,1294,5,1,0,0,Podría mejorar el empaque
13000000224,20250807,2,814,4,1,0,0,Volvería a comprar
13000000225,20241206,1,801,7,0,1,0,Entrega rápida y producto excelente
13000000226,20241208,1,351,5,1,0,0,Todo perfecto
13000000227,20241006,2,838,8,0,1,0,Todo perfecto
13000000228,20250514,1,78,6,1,0,0,Podría mejorar el empaque
13000000229,20241220,1,1338,2,1,0,0,Podría mejorar el empaque
13000000230,20240601,2,182,7,0,1,0,
13000000231,20241122,1,560,4,1,0,0,Atención muy buena
13000000232,20240407,1,1390,6,1,0,0,
13000000233,20241229,2,130,4,1,0,0,Tardó un poco más de lo esperado
13000000234,20250514,2,1143,2,1,0,0,Muy conforme con la calidad
13000000235,20250418,2,223,7,0,1,0,Atención muy buena
13000000236,20240216,1,622,2,1,0,0,Volvería a comprar
13000000237,20240609,1,1328,9,0,0,1,Muy conforme con la calidad
13000000238,20240227,1,1192,7,0,1,0,Tardó un poco más de lo esperado
13000000239,20240621,1,119,2,1,0,0,Tardó un poco más de lo esperado
13000000240,20250813,1,1115,8,0,1,0,Podría mejorar el empaque
13000000241,20240421,1,49,8,0,1,0,Todo perfecto
13000000242,20250903,2,1133,5,1,0,0,Muy conforme con la calidad
13000000243,20250716,1,193,9,0,0,1,Volvería a comprar
13000000244,20240128,1,539,6,1,0,0,Tardó un poco más de lo esperado
13000000245,20250326,1,200,7,0,1,0,Podría mejorar el empaque
13000000246,20240125,1,1084,10,0,0,1,Podría mejorar el empaque
13000000247,20240506,2,422,10,0,0,1,Entrega rápida y producto excelente
13000000248,20240905,2,348,6,1,0,0,Entrega rápida y producto excelente
13000000249,20250918,1,951,9,0,0,1,Volvería a comprar
13000000250,20241126,2,251,7,0,1,0,Tardó un poco más de lo esperado
13000000251,20250122,1,26,8,0,1,0,Atención muy buena
13000000252,20250314,2,1063,6,1,0,0,Volvería a comprar
13000000253,20240202,1,271,8,0,1,0,Podría mejorar el empaque
13000000254,20250120,1,567,9,0,0,1,Entrega rápida y producto excelente
13000000255,20250723,1,254,9,0,0,1,Atención muy buena
13000000256,20240405,2,66,6,1,0,0,Entrega rápida y producto excelente
13000000257,20250105,1,518,0,1,0,0,Entrega rápida y producto excelente
13000000258,20240626,1,603,7,0,1,0,Tardó un poco más de lo esperado
13000000259,20240130,1,321,4,1,0,0,
13000000260,20250531,2,1210,9,0,0,1,Tardó un poco más de lo esperado
13000000261,20250209,2,407,7,0,1,0,Atención muy buena
13000000262,20250102,2,996,9,0,0,1,Podría mejorar el empaque
13000000263,20241103,2,1192,8,0,1,0,Tardó un poco más de lo esperado
13000000264,20240812,1,221,1,1,0,0,Podría mejorar el empaque
13000000265,20250724,1,1189,6,1,0,0,Muy conforme con la calidad
13000000266,20240723,1,1230,9,0,0,1,Todo perfecto
13000000267,20241208,1,244,6,1,0,0,Podría mejorar el empaque
13000000268,20241029,1,416,6,1,0,0,Entrega rápida y producto excelente
13000000269,20241021,2,289,7,0,1,0,
13000000270,20240907,1,233,0,1,0,0,Todo perfecto
13000000271,20250319,1,300,7,0,1,0,Todo perfecto
13000000272,20241004,1,1066,5,1,0,0,Atención muy buena
13000000273,20240207,2,854,10,0,0,1,Atención muy buena
13000000274,20240127,1,1339,7,0,1,0,Tardó un poco más de lo esperado
13000000275,20241227,1,484,10,0,0,1,Todo perfecto
13000000276,20240112,1,948,6,1,0,0,Entrega rápida y producto excelente
13000000277,20241122,1,713,6,1,0,0,Tardó un poco más de lo esperado
13000000278,20250422,1,1466,9,0,0,1,Entrega rápida y producto excelente
13000000279,20250616,1,426,7,0,1,0,Atención muy buena
13000000280,20250304,1,1313,0,1,0,0,Todo perfecto
13000000281,20240716,1,995,4,1,0,0,Muy conforme con la calidad
13000000282,20250312,1,499,8,0,1,0,Tardó un poco más de lo esperado
13000000283,20250307,2,1408,7,0,1,0,Tardó un poco más de lo esperado
13000000284,20250311,1,498,8,0,1,0,Entrega rápida y producto excelente
13000000285,20241124,1,840,6,1,0,0,Muy conforme con la calidad
13000000286,20250210,1,92,9,0,0,1,Tardó un poco más de lo esperado
13000000287,20251006,2,1449,9,0,0,1,Tardó un poco más de lo esperado
13000000288,20250929,2,1129,7,0,1,0,Entrega rápida y producto excelente
13000000289,20241127,2,972,8,0,1,0,
13000000290,20250917,2,260,8,0,1,0,Volvería a comprar
13000000291,20240123,2,683,4,1,0,0,Tardó un poco más de lo esperado
13000000292,20250427,1,1042,2,1,0,0,Volvería a comprar
13000000293,20240307,1,1422,6,1,0,0,Muy conforme con la calidad
13000000294,20240309,2,1347,9,0,0,1,
13000000295,20250218,2,705,8,0,1,0,Muy conforme con la calidad
13000000296,20250620,2,1306,10,0,0,1,Entrega rápida y producto excelente
13000000297,20241206,2,327,0,1,0,0,Entrega rápida y producto excelente
13000000298,20240313,1,1119,5,1,0,0,Podría mejorar el empaque
13000000299,20250720,1,2,10,0,0,1,Muy conforme con la calidad
13000000300,20240225,1,988,8,0,1,0,Podría mejorar el empaque
13000000301,20250708,1,1485,8,0,1,0,Atención muy buena
13000000302,20250717,1,791,8,0,1,0,Volvería a comprar
13000000303,20250429,1,204,9,0,0,1,Podría mejorar el empaque
13000000304,20240504,2,22,8,0,1,0,Entrega rápida y producto excelente
13000000305,20250105,2,510,1,1,0,0,
13000000306,20240406,2,614,9,0,0,1,
13000000307,20241222,2,27,9,0,0,1,Podría mejorar el empaque
13000000308,20250721,2,1319,6,1,0,0,Todo perfecto
13000000309,20241117,1,845,9,0,0,1,Volvería a comprar
13000000310,20250714,2,783,5,1,0,0,Muy conforme con la calidad
13000000311,20250826,1,1350,9,0,0,1,
13000000312,20250817,1,773,7,0,1,0,Todo perfecto
13000000313,20241027,1,1457,4,1,0,0,Tardó un poco más de lo esperado
13000000314,20241013,1,1488,9,0,0,1,Atención muy buena
13000000315,20240904,1,1286,10,0,0,1,Muy conforme con la calidad
13000000316,20250830,1,1306,9,0,0,1,Tardó un poco más de lo esperado
13000000317,20240209,2,397,8,0,1,0,Podría mejorar el empaque
13000000318,20240330,1,341,4,1,0,0,Entrega rápida y producto excelente
13000000319,20250523,2,1475,9,0,0,1,Entrega rápida y producto excelente
13000000320,20240212,1,963,5,1,0,0,Entrega rápida y producto excelente
13000000321,20240614,1,423,9,0,0,1,Todo perfecto
13000000322,20240418,2,1176,9,0,0,1,Entrega rápida y producto excelente
13000000323,20240410,2,1128,8,0,1,0,Tardó un poco más de lo esperado
13000000324,20250914,1,56,8,0,1,0,Todo perfecto
13000000325,20240424,2,389,5,1,0,0,Atención muy buena
13000000326,20250327,2,598,9,0,0,1,Podría mejorar el empaque
13000000327,20240602,2,2,7,0,1,0,Todo perfecto
13000000328,20250304,2,118,8,0,1,0,Volvería a comprar
13000000329,20250618,1,835,10,0,0,1,
13000000330,20241102,1,554,7,0,1,0,Todo perfecto
13000000331,20250930,1,371,10,0,0,1,
13000000332,20250609,1,965,9,0,0,1,Volvería a comprar
13000000333,20250215,2,687,6,1,0,0,Atención muy buena
13000000334,20241218,1,516,9,0,0,1,
13000000335,20250506,2,1295,8,0,1,0,Volvería a comprar
13000000336,20240904,1,660,4,1,0,0,Tardó un poco más de lo esperado
13000000337,20251005,2,838,8,0,1,0,
13000000338,20241011,2,447,8,0,1,0,Atención muy buena
13000000339,20240314,2,1187,4,1,0,0,Volvería a comprar
13000000340,20250701,1,1457,7,0,1,0,Entrega rápida y producto excelente
13000000341,20241104,1,16,7,0,1,0,Podría mejorar el empaque
13000000342,20240620,1,1421,0,1,0,0,Tardó un poco más de lo esperado
13000000343,20240813,1,861,9,0,0,1,Muy conforme con la calidad
13000000344,20241008,1,515,2,1,0,0,Todo perfecto
13000000345,20240518,1,280,10,0,0,1,Entrega rápida y producto excelente
13000000346,20240908,1,829,7,0,1,0,Podría mejorar el empaque
13000000347,20250721,1,1319,10,0,0,1,Entrega rápida y producto excelente
13000000348,20250703,1,682,10,0,0,1,Tardó un poco más de lo esperado
13000000349,20250918,1,649,7,0,1,0,Entrega rápida y producto excelente
13000000350,20240803,1,1041,8,0,1,0,Todo perfecto
13000000351,20241020,2,559,9,0,0,1,Tardó un poco más de lo esperado
13000000352,20250714,2,1187,9,0,0,1,Muy conforme con la calidad
13000000353,20250409,1,786,6,1,0,0,Todo perfecto
13000000354,20250223,1,1104,6,1,0,0,Todo perfecto
13000000355,20250730,2,505,4,1,0,0,Volvería a comprar
13000000356,20241113,1,436,0,1,0,0,Atención muy buena
13000000357,20250817,1,366,5,1,0,0,Atención muy buena
13000000358,20240517,2,829,8,0,1,0,Tardó un poco más de lo esperado
13000000359,20240411,1,570,5,1,0,0,Atención muy buena
13000000360,20240413,2,573,10,0,0,1,Entrega rápida y producto excelente
13000000361,20240413,1,63,8,0,1,0,Todo perfecto
13000000362,20250503,1,140,10,0,0,1,Muy conforme con la calidad
13000000363,20240307,2,650,9,0,0,1,Volvería a comprar
13000000364,20240529,1,558,7,0,1,0,Volvería a comprar
13000000365,20240518,2,498,9,0,0,1,
13000000366,20240527,2,1337,10,0,0,1,Podría mejorar el empaque
13000000367,20250406,1,192,9,0,0,1,Volvería a comprar
13000000368,20241007,1,523,1,1,0,0,Tardó un poco más de lo esperado
13000000369,20250506,1,1009,5,1,0,0,Entrega rápida y producto excelente
13000000370,20250310,1,1079,8,0,1,0,Atención muy buena
13000000371,20250530,1,809,9,0,0,1,Podría mejorar el empaque
13000000372,20240205,1,332,8,0,1,0,Atención muy buena
13000000373,20241110,1,397,8,0,1,0,Tardó un poco más de lo esperado
13000000374,20240212,2,950,8,0,1,0,Tardó un poco más de lo esperado
13000000375,20241227,1,950,10,0,0,1,Todo perfecto
13000000376,20240310,1,1071,7,0,1,0,Tardó un poco más de lo esperado
13000000377,20240810,1,27,5,1,0,0,Atención muy buena
13000000378,20240525,1,1063,5,1,0,0,Muy conforme con la calidad
13000000379,20240809,1,930,10,0,0,1,Atención muy buena
13000000380,20241114,2,1435,1,1,0,0,Podría mejorar el empaque
13000000381,20240408,2,258,10,0,0,1,Atención muy buena
13000000382,20240211,1,847,4,1,0,0,Volvería a comprar
13000000383,20240901,2,921,10,0,0,1,Muy conforme con la calidad
13000000384,20250111,1,1231,7,0,1,0,Tardó un poco más de lo esperado
13000000385,20250526,1,292,10,0,0,1,Podría mejorar el empaque
13000000386,20241019,2,325,3,1,0,0,Volvería a comprar
13000000387,20250311,2,921,3,1,0,0,Atención muy buena
13000000388,20250524,1,248,2,1,0,0,
13000000389,20240811,1,754,8,0,1,0,
13000000390,20240422,1,708,9,0,0,1,
13000000391,20250505,1,48,6,1,0,0,Podría mejorar el empaque
13000000392,20240505,2,786,5,1,0,0,Atención muy buena
13000000393,20240619,1,382,4,1,0,0,
13000000394,20250214,1,895,6,1,0,0,Tardó un poco más de lo esperado
13000000395,20250211,1,821,7,0,1,0,Entrega rápida y producto excelente
13000000396,20240315,1,1032,9,0,0,1,Todo perfecto
13000000397,20250510,1,1262,1,1,0,0,Todo perfecto
13000000398,20240821,1,153,9,0,0,1,Muy conforme con la calidad
13000000399,20250804,1,816,1,1,0,0,Todo perfecto
13000000400,20240207,1,237,7,0,1,0,Todo perfecto
13000000401,20240331,2,589,10,0,0,1,Podría mejorar el empaque
13000000402,20250814,2,249,6,1,0,0,Atención muy buena
13000000403,20241214,2,1130,2,1,0,0,Volvería a comprar
13000000404,20250623,1,455,3,1,0,0,Volvería a comprar
13000000405,20250323,1,1306,0,1,0,0,Podría mejorar el empaque
13000000406,20241127,1,1359,9,0,0,1,Atención muy buena
13000000407,20240918,1,696,7,0,1,0,Volvería a comprar
13000000408,20240906,1,867,7,0,1,0,Todo perfecto
13000000409,20241101,1,690,10,0,0,1,Podría mejorar el empaque
13000000410,20250316,1,14,7,0,1,0,Volvería a comprar
13000000411,20241212,2,259,2,1,0,0,
13000000412,20240123,1,334,3,1,0,0,Todo perfecto
13000000413,20240721,1,574,9,0,0,1,Todo perfecto
13000000414,20240530,1,716,10,0,0,1,Volvería a comprar
13000000415,20241216,2,204,8,0,1,0,Todo perfecto
13000000416,20250620,2,624,10,0,0,1,Volvería a comprar
13000000417,20240819,1,535,9,0,0,1,Volvería a comprar
13000000418,20240810,1,522,7,0,1,0,Entrega rápida y producto excelente
13000000419,20250415,1,589,9,0,0,1,Tardó un poco más de lo esperado
13000000420,20250112,1,1485,9,0,0,1,Muy conforme con la calidad
13000000421,20240824,1,544,9,0,0,1,Volvería a comprar
13000000422,20250104,1,253,9,0,0,1,Atención muy buena
13000000423,20240708,1,520,8,0,1,0,Podría mejorar el empaque
13000000424,20250216,1,1339,8,0,1,0,Volvería a comprar
13000000425,20240510,1,800,10,0,0,1,Tardó un poco más de lo esperado
13000000426,20240703,2,782,9,0,0,1,Entrega rápida y producto excelente
13000000427,20250831,2,488,3,1,0,0,Tardó un poco más de lo esperado
13000000428,20250212,1,1074,6,1,0,0,Todo perfecto
13000000429,20241226,2,789,9,0,0,1,Muy conforme con la calidad
13000000430,20250610,1,951,3,1,0,0,Tardó un poco más de lo esperado
13000000431,20250406,1,1210,8,0,1,0,
13000000432,20250424,2,977,3,1,0,0,Volvería a comprar
13000000433,20250825,2,489,8,0,1,0,Tardó un poco más de lo esperado
13000000434,20240609,2,1192,9,0,0,1,Entrega rápida y producto excelente
13000000435,20241011,2,1461,5,1,0,0,Volvería a comprar
13000000436,20250714,1,28,6,1,0,0,Volvería a comprar
13000000437,20240714,2,459,9,0,0,1,
13000000438,20240510,1,756,2,1,0,0,Entrega rápida y producto excelente
13000000439,20240122,1,1495,8,0,1,0,Podría mejorar el empaque
13000000440,20240307,1,584,7,0,1,0,Todo perfecto
13000000441,20251005,1,703,2,1,0,0,Atención muy buena
13000000442,20240121,2,1309,7,0,1,0,Atención muy buena
13000000443,20250601,2,323,7,0,1,0,Muy conforme con la calidad
13000000444,20250824,1,90,8,0,1,0,Muy conforme con la calidad
13000000445,20250113,1,761,5,1,0,0,Tardó un poco más de lo esperado
13000000446,20250426,1,999,9,0,0,1,
13000000447,20250405,1,85,9,0,0,1,Entrega rápida y producto excelente
13000000448,20250725,1,405,8,0,1,0,Podría mejorar el empaque
13000000449,20241124,2,336,2,1,0,0,Muy conforme con la calidad
13000000450,20240707,1,179,9,0,0,1,Entrega rápida y producto excelente
13000000451,20240506,2,682,8,0,1,0,Entrega rápida y producto excelente
13000000452,20250603,2,862,8,0,1,0,Tardó un poco más de lo esperado
13000000453,20250416,1,1218,5,1,0,0,Todo perfecto
13000000454,20250610,1,31,7,0,1,0,Todo perfecto
13000000455,20250311,1,154,10,0,0,1,
13000000456,20250726,2,1049,10,0,0,1,Podría mejorar el empaque
13000000457,20250607,1,586,10,0,0,1,Atención muy buena
13000000458,20240907,2,425,10,0,0,1,Volvería a comprar
13000000459,20240312,1,1235,8,0,1,0,Podría mejorar el empaque
13000000460,20240522,1,52,10,0,0,1,Tardó un poco más de lo esperado
13000000461,20250108,2,78,3,1,0,0,Entrega rápida y producto excelente
13000000462,20241215,1,405,7,0,1,0,Entrega rápida y producto excelente
13000000463,20250607,2,381,7,0,1,0,Podría mejorar el empaque
13000000464,20241002,1,284,10,0,0,1,Podría mejorar el empaque
13000000465,20240422,1,867,0,1,0,0,Tardó un poco más de lo esperado
13000000466,20240915,1,626,8,0,1,0,
13000000467,20241129,1,195,9,0,0,1,Entrega rápida y producto excelente
13000000468,20240604,1,467,7,0,1,0,Tardó un poco más de lo esperado
13000000469,20250302,2,1107,7,0,1,0,Tardó un poco más de lo esperado
13000000470,20240125,1,580,8,0,1,0,Muy conforme con la calidad
13000000471,20240402,2,942,7,0,1,0,Todo perfecto
13000000472,20250628,2,1354,10,0,0,1,Podría mejorar el empaque
13000000473,20240209,1,540,4,1,0,0,Muy conforme con la calidad
13000000474,20250723,1,1161,6,1,0,0,Entrega rápida y producto excelente
13000000475,20250809,1,895,8,0,1,0,Todo perfecto
13000000476,20240716,1,399,6,1,0,0,
13000000477,20250808,1,77,10,0,0,1,Tardó un poco más de lo esperado
13000000478,20250827,2,754,0,1,0,0,
13000000479,20240818,1,1253,7,0,1,0,Podría mejorar el empaque
13000000480,20240717,1,1117,6,1,0,0,Muy conforme con la calidad
13000000481,20250722,1,413,6,1,0,0,Volvería a comprar
13000000482,20250608,2,40,8,0,1,0,Atención muy buena
13000000483,20241009,1,403,1,1,0,0,Entrega rápida y producto excelente
13000000484,20240827,1,1482,6,1,0,0,Todo perfecto
13000000485,20241222,1,790,9,0,0,1,Podría mejorar el empaque
13000000486,20240822,1,891,0,1,0,0,Entrega rápida y producto excelente
13000000487,20250611,2,819,7,0,1,0,Muy conforme con la calidad
13000000488,20240513,2,474,9,0,0,1,
13000000489,20250408,1,1332,8,0,1,0,Entrega rápida y producto excelente
13000000490,20250730,1,305,4,1,0,0,Todo perfecto
13000000491,20240410,2,400,7,0,1,0,Atención muy buena
13000000492,20241129,2,415,9,0,0,1,Todo perfecto
13000000493,20240117,2,739,9,0,0,1,Tardó un poco más de lo esperado
13000000494,20241216,1,45,4,1,0,0,Muy conforme con la calidad
13000000495,20240401,2,584,8,0,1,0,Todo perfecto
13000000496,20250314,1,305,9,0,0,1,Entrega rápida y producto excelente
13000000497,20250828,2,1061,4,1,0,0,Volvería a comprar
13000000498,20250420,2,1051,9,0,0,1,Todo perfecto
13000000499,20250818,1,981,8,0,1,0,Podría mejorar el empaque
13000000500,20240127,1,381,7,0,1,0,Entrega rápida y producto excelente
13000000501,20240518,1,866,2,1,0,0,Tardó un poco más de lo esperado
13000000502,20240604,1,323,9,0,0,1,Podría mejorar el empaque
13000000503,20240504,2,1223,8,0,1,0,Muy conforme con la calidad
13000000504,20250630,2,728,3,1,0,0,Podría mejorar el empaque
13000000505,20240523,1,176,8,0,1,0,Muy conforme con la calidad
13000000506,20240327,1,620,3,1,0,0,Atención muy buena
13000000507,20241114,2,11,8,0,1,0,Atención muy buena
13000000508,20251002,1,866,5,1,0,0,Podría mejorar el empaque
13000000509,20240117,1,609,9,0,0,1,Volvería a comprar
13000000510,20250210,1,662,6,1,0,0,Entrega rápida y producto excelente
13000000511,20250321,2,1304,3,1,0,0,Podría mejorar el empaque
13000000512,20241024,1,1358,5,1,0,0,Entrega rápida y producto excelente
13000000513,20241003,2,1396,8,0,1,0,Tardó un poco más de lo esperado
13000000514,20241201,1,921,7,0,1,0,Todo perfecto
13000000515,20240325,2,193,9,0,0,1,Todo perfecto
13000000516,20250307,1,1366,7,0,1,0,Podría mejorar el empaque
13000000517,20241229,2,4,8,0,1,0,
13000000518,20240402,1,373,4,1,0,0,Entrega rápida y producto excelente
13000000519,20250617,2,3,10,0,0,1,Todo perfecto
13000000520,20250622,2,156,2,1,0,0,Muy conforme con la calidad
13000000521,20250926,2,1274,6,1,0,0,Muy conforme con la calidad
13000000522,20250425,1,1200,9,0,0,1,Volvería a comprar
13000000523,20240305,2,1271,9,0,0,1,Podría mejorar el empaque
13000000524,20250614,1,1089,10,0,0,1,Todo perfecto
13000000525,20250909,2,1399,9,0,0,1,Entrega rápida y producto excelente
13000000526,20240708,1,20,8,0,1,0,Volvería a comprar
13000000527,20241212,2,874,9,0,0,1,Atención muy buena
13000000528,20241018,2,919,7,0,1,0,Tardó un poco más de lo esperado
13000000529,20250803,1,885,9,0,0,1,Podría mejorar el empaque
13000000530,20240818,2,123,2,1,0,0,Muy conforme con la calidad
13000000531,20240813,1,301,10,0,0,1,Todo perfecto
13000000532,20240924,1,1172,5,1,0,0,Todo perfecto
13000000533,20240823,2,1334,7,0,1,0,Todo perfecto
13000000534,20250822,2,1462,3,1,0,0,Volvería a comprar
13000000535,20241209,2,1393,8,0,1,0,Atención muy buena
13000000536,20240423,1,1220,10,0,0,1,Todo perfecto
13000000537,20250411,1,1355,0,1,0,0,Podría mejorar el empaque
13000000538,20240114,2,27,8,0,1,0,Tardó un poco más de lo esperado
13000000539,20240701,1,921,3,1,0,0,Volvería a comprar
13000000540,20240316,2,1469,9,0,0,1,Volvería a comprar
13000000541,20250629,1,1228,9,0,0,1,Muy conforme con la calidad
13000000542,20240526,2,1123,7,0,1,0,Tardó un poco más de lo esperado
13000000543,20250907,1,125,8,0,1,0,Entrega rápida y producto excelente
13000000544,20241017,1,476,9,0,0,1,
13000000545,20250616,1,833,5,1,0,0,Volvería a comprar
13000000546,20240320,1,253,10,0,0,1,Muy conforme con la calidad
13000000547,20240824,1,398,9,0,0,1,Podría mejorar el empaque
13000000548,20240119,2,253,9,0,0,1,Todo perfecto
13000000549,20240308,2,206,9,0,0,1,Atención muy buena
13000000550,20250910,1,899,8,0,1,0,Muy conforme con la calidad
13000000551,20250707,1,1254,3,1,0,0,Tardó un poco más de lo esperado
13000000552,20250518,2,1317,10,0,0,1,Podría mejorar el empaque
13000000553,20241119,1,466,8,0,1,0,
13000000554,20241119,1,191,9,0,0,1,Atención muy buena
13000000555,20240629,2,362,10,0,0,1,Muy conforme con la calidad
13000000556,20240508,1,263,7,0,1,0,
13000000557,20250309,2,1473,10,0,0,1,Entrega rápida y producto excelente
13000000558,20240725,1,1494,10,0,0,1,Muy conforme con la calidad
13000000559,20250719,1,359,3,1,0,0,Muy conforme con la calidad
13000000560,20250726,1,181,10,0,0,1,Todo perfecto
13000000561,20250402,1,682,10,0,0,1,Volvería a comprar
13000000562,20240530,1,1142,9,0,0,1,Entrega rápida y producto excelente
13000000563,20240518,1,475,8,0,1,0,Entrega rápida y producto excelente
13000000564,20241224,1,541,10,0,0,1,Atención muy buena
13000000565,20250622,1,1344,10,0,0,1,Todo perfecto
13000000566,20240726,2,561,10,0,0,1,Muy conforme con la calidad
13000000567,20240223,2,981,8,0,1,0,Podría mejorar el empaque
13000000568,20240421,1,311,7,0,1,0,Muy conforme con la calidad
13000000569,20250515,2,1007,7,0,1,0,Atención muy buena
13000000570,20250916,2,952,6,1,0,0,
13000000571,20240522,1,1464,8,0,1,0,Atención muy buena
13000000572,20240619,2,863,9,0,0,1,Todo perfecto
13000000573,20250208,2,724,6,1,0,0,Todo perfecto
13000000574,20240315,1,612,7,0,1,0,Atención muy buena
13000000575,20240305,1,382,5,1,0,0,Entrega rápida y producto excelente
13000000576,20240114,1,311,8,0,1,0,Todo perfecto
13000000577,20251005,2,1041,9,0,0,1,Podría mejorar el empaque
13000000578,20250920,1,816,7,0,1,0,Atención muy buena
13000000579,20250924,2,189,6,1,0,0,Volvería a comprar
13000000580,20240813,2,1133,0,1,0,0,Todo perfecto
13000000581,20240928,1,1095,7,0,1,0,Volvería a comprar
13000000582,20250828,2,468,1,1,0,0,Todo perfecto
13000000583,20250223,2,416,1,1,0,0,Muy conforme con la calidad
13000000584,20250519,1,707,10,0,0,1,Volvería a comprar
13000000585,20240419,1,1375,7,0,1,0,Atención muy buena
13000000586,20250616,2,689,7,0,1,0,Atención muy buena
13000000587,20250404,2,759,7,0,1,0,Atención muy buena
13000000588,20250421,2,152,7,0,1,0,Atención muy buena
13000000589,20250618,2,724,5,1,0,0,Tardó un poco más de lo esperado
13000000590,20240824,1,495,6,1,0,0,Muy conforme con la calidad
13000000591,20240304,1,1104,4,1,0,0,
13000000592,20240823,1,1158,0,1,0,0,
13000000593,20250619,1,932,9,0,0,1,Todo perfecto
13000000594,20240905,1,150,2,1,0,0,Volvería a comprar
13000000595,20240320,2,323,2,1,0,0,Podría mejorar el empaque
13000000596,20240324,1,536,5,1,0,0,Atención muy buena
13000000597,20250622,1,1245,10,0,0,1,Todo perfecto
13000000598,20250803,1,1284,6,1,0,0,Podría mejorar el empaque
13000000599,20250409,1,1168,3,1,0,0,Muy conforme con la calidad
13000000600,20240113,1,1346,10,0,0,1,Podría mejorar el empaque
13000000601,20240712,1,213,7,0,1,0,Muy conforme con la calidad
13000000602,20240709,2,311,7,0,1,0,Atención muy buena
13000000603,20240130,2,32,9,0,0,1,Entrega rápida y producto excelente
13000000604,20240212,1,606,7,0,1,0,Atención muy buena
13000000605,20241010,2,1309,9,0,0,1,Volvería a comprar
13000000606,20240322,1,833,7,0,1,0,Volvería a comprar
13000000607,20241124,2,1123,9,0,0,1,Entrega rápida y producto excelente
13000000608,20250731,2,878,8,0,1,0,Tardó un poco más de lo esperado
13000000609,20250621,2,1317,8,0,1,0,
13000000610,20250529,2,218,9,0,0,1,Entrega rápida y producto excelente
13000000611,20250927,1,1456,8,0,1,0,Volvería a comprar
13000000612,20240820,1,987,9,0,0,1,Muy conforme con la calidad
13000000613,20240111,2,75,10,0,0,1,Volvería a comprar
13000000614,20250501,2,649,1,1,0,0,Volvería a comprar
13000000615,20250514,1,1095,6,1,0,0,Atención muy buena
13000000616,20240206,2,1136,9,0,0,1,Tardó un poco más de lo esperado
13000000617,20240610,1,1046,7,0,1,0,Atención muy buena
13000000618,20240830,2,1339,8,0,1,0,Todo perfecto
13000000619,20250323,1,724,3,1,0,0,Volvería a comprar
13000000620,20250814,2,32,0,1,0,0,Muy conforme con la calidad
13000000621,20240622,1,728,8,0,1,0,Atención muy buena
13000000622,20250711,1,299,7,0,1,0,Atención muy buena
13000000623,20250112,1,299,5,1,0,0,Muy conforme con la calidad
13000000624,20250412,1,404,7,0,1,0,Podría mejorar el empaque
13000000625,20250421,2,138,10,0,0,1,Muy conforme con la calidad
13000000626,20250410,1,1270,9,0,0,1,Entrega rápida y producto excelente
13000000627,20240514,1,1116,7,0,1,0,Todo perfecto
13000000628,20240816,1,239,5,1,0,0,Entrega rápida y producto excelente
13000000629,20240706,2,849,10,0,0,1,Volvería a comprar
13000000630,20240824,2,1432,9,0,0,1,Volvería a comprar
13000000631,20241217,2,109,0,1,0,0,Entrega rápida y producto excelente
13000000632,20240113,2,117,9,0,0,1,Volvería a comprar
13000000633,20250402,2,1007,2,1,0,0,Podría mejorar el empaque
13000000634,20241121,2,473,9,0,0,1,Atención muy buena
13000000635,20250430,1,188,9,0,0,1,Todo perfecto
13000000636,20250306,1,960,9,0,0,1,Podría mejorar el empaque
13000000637,20240320,1,298,9,0,0,1,Todo perfecto
13000000638,20250912,1,1146,10,0,0,1,Tardó un poco más de lo esperado
13000000639,20241007,1,790,10,0,0,1,Muy conforme con la calidad
13000000640,20240509,1,114,10,0,0,1,Atención muy buena
13000000641,20250424,1,778,8,0,1,0,Muy conforme con la calidad
13000000642,20250530,1,1380,2,1,0,0,
13000000643,20251002,2,1265,8,0,1,0,
13000000644,20250316,1,171,7,0,1,0,Muy conforme con la calidad
13000000645,20250502,1,384,6,1,0,0,Podría mejorar el empaque
13000000646,20250407,1,917,9,0,0,1,Tardó un poco más de lo esperado
13000000647,20250706,2,1262,0,1,0,0,Tardó un poco más de lo esperado
13000000648,20240918,1,1174,6,1,0,0,Atención muy buena
13000000649,20240128,1,312,10,0,0,1,Todo perfecto
13000000650,20241226,1,1107,6,1,0,0,Podría mejorar el empaque
13000000651,20240725,1,786,8,0,1,0,Entrega rápida y producto excelente
13000000652,20250406,1,956,6,1,0,0,Muy conforme con la calidad
13000000653,20250322,2,227,7,0,1,0,Muy conforme con la calidad
13000000654,20240527,1,1339,9,0,0,1,Entrega rápida y producto excelente
13000000655,20250202,1,79,6,1,0,0,
13000000656,20240603,1,515,9,0,0,1,Volvería a comprar
13000000657,20250324,1,1098,8,0,1,0,
13000000658,20240922,1,254,6,1,0,0,Todo perfecto
13000000659,20250517,1,1459,1,1,0,0,Todo perfecto
13000000660,20250609,2,688,8,0,1,0,Muy conforme con la calidad
13000000661,20240310,2,1356,7,0,1,0,Atención muy buena
13000000662,20240119,2,1409,1,1,0,0,Podría mejorar el empaque
13000000663,20241104,1,512,9,0,0,1,Tardó un poco más de lo esperado
13000000664,20250409,1,284,7,0,1,0,Todo perfecto
13000000665,20250418,2,79,2,1,0,0,Muy conforme con la calidad
13000000666,20250928,1,1246,7,0,1,0,Volvería a comprar
13000000667,20250426,2,343,7,0,1,0,Entrega rápida y producto excelente
13000000668,20250330,1,387,7,0,1,0,
13000000669,20240214,2,682,8,0,1,0,Entrega rápida y producto excelente
13000000670,20250328,1,778,7,0,1,0,Tardó un poco más de lo esperado
13000000671,20250517,1,507,6,1,0,0,
13000000672,20240226,1,640,10,0,0,1,Volvería a comprar
13000000673,20250415,1,1249,7,0,1,0,Todo perfecto
13000000674,20240817,1,958,8,0,1,0,Volvería a comprar
13000000675,20240307,1,1259,7,0,1,0,Podría mejorar el empaque
13000000676,20240329,1,1441,10,0,0,1,Volvería a comprar
13000000677,20250713,2,379,9,0,0,1,Podría mejorar el empaque
13000000678,20241227,1,115,7,0,1,0,Atención muy buena
13000000679,20240123,2,1496,8,0,1,0,
13000000680,20240310,1,1435,7,0,1,0,Muy conforme con la calidad
13000000681,20240527,1,1271,3,1,0,0,Podría mejorar el empaque
13000000682,20240422,1,643,9,0,0,1,Volvería a comprar
13000000683,20250113,2,1006,6,1,0,0,Volvería a comprar
13000000684,20240621,1,672,10,0,0,1,Entrega rápida y producto excelente
13000000685,20250114,1,439,0,1,0,0,Todo perfecto
13000000686,20240306,1,928,1,1,0,0,Tardó un poco más de lo esperado
13000000687,20240329,1,705,6,1,0,0,Todo perfecto
13000000688,20250812,2,717,8,0,1,0,Podría mejorar el empaque
13000000689,20240127,2,622,7,0,1,0,Podría mejorar el empaque
13000000690,20240601,2,90,7,0,1,0,Tardó un poco más de lo esperado
13000000691,20250409,2,1101,10,0,0,1,
13000000692,20241101,1,1362,9,0,0,1,Tardó un poco más de lo esperado
13000000693,20241020,2,644,9,0,0,1,Volvería a comprar
13000000694,20250919,1,265,9,0,0,1,Muy conforme con la calidad
13000000695,20250408,1,506,8,0,1,0,
13000000696,20250414,1,737,0,1,0,0,
13000000697,20240924,1,1294,10,0,0,1,Podría mejorar el empaque
13000000698,20250508,1,204,8,0,1,0,Entrega rápida y producto excelente
13000000699,20241014,1,1246,10,0,0,1,Volvería a comprar
13000000700,20240801,1,314,1,1,0,0,Tardó un poco más de lo esperado
13000000701,20250819,2,614,10,0,0,1,Muy conforme con la calidad
13000000702,20250122,2,497,8,0,1,0,Volvería a comprar
13000000703,20240622,2,1267,8,0,1,0,Volvería a comprar
13000000704,20240426,1,768,8,0,1,0,Atención muy buena
13000000705,20240819,2,886,3,1,0,0,Muy conforme con la calidad
13000000706,20240128,1,1173,1,1,0,0,
13000000707,20250718,1,561,10,0,0,1,Volvería a comprar
13000000708,20240212,2,59,10,0,0,1,Todo perfecto
13000000709,20250502,2,951,6,1,0,0,Podría mejorar el empaque
13000000710,20241128,1,790,9,0,0,1,
13000000711,20250809,1,412,6,1,0,0,Atención muy buena
13000000712,20240227,2,1250,3,1,0,0,Tardó un poco más de lo esperado
13000000713,20250113,1,146,9,0,0,1,Tardó un poco más de lo esperado
13000000714,20240816,2,670,9,0,0,1,Todo perfecto
13000000715,20240303,1,595,9,0,0,1,Todo perfecto
13000000716,20241110,1,1027,9,0,0,1,Volvería a comprar
13000000717,20240808,2,1183,9,0,0,1,Tardó un poco más de lo esperado
13000000718,20250729,1,655,9,0,0,1,Todo perfecto
13000000719,20240410,1,287,9,0,0,1,Volvería a comprar
13000000720,20250726,2,489,10,0,0,1,Todo perfecto
13000000721,20250717,1,897,9,0,0,1,Entrega rápida y producto excelente
13000000722,20240227,1,1094,7,0,1,0,Podría mejorar el empaque
13000000723,20241220,2,713,7,0,1,0,Podría mejorar el empaque
13000000724,20241020,2,1222,6,1,0,0,Atención muy buena
13000000725,20250724,1,176,7,0,1,0,
13000000726,20241217,2,1373,9,0,0,1,Muy conforme con la calidad
13000000727,20240811,2,613,3,1,0,0,Tardó un poco más de lo esperado
13000000728,20240206,2,1082,9,0,0,1,Todo perfecto
13000000729,20250611,1,790,5,1,0,0,Tardó un poco más de lo esperado
13000000730,20240907,1,173,9,0,0,1,Atención muy buena
13000000731,20250903,1,800,5,1,0,0,Muy conforme con la calidad
13000000732,20250224,2,1014,0,1,0,0,Muy conforme con la calidad
13000000733,20240116,1,719,8,0,1,0,Entrega rápida y producto excelente
13000000734,20250403,2,1247,7,0,1,0,
13000000735,20241226,1,882,8,0,1,0,
13000000736,20250213,1,281,7,0,1,0,Tardó un poco más de lo esperado
13000000737,20241025,2,1014,6,1,0,0,Entrega rápida y producto excelente
13000000738,20241020,1,621,4,1,0,0,Tardó un poco más de lo esperado
13000000739,20250608,1,441,7,0,1,0,Muy conforme con la calidad
13000000740,20240522,2,1062,9,0,0,1,
13000000741,20250821,1,952,10,0,0,1,Tardó un poco más de lo esperado
13000000742,20240704,1,496,6,1,0,0,Entrega rápida y producto excelente
13000000743,20240612,1,338,5,1,0,0,Muy conforme con la calidad
13000000744,20240522,1,192,7,0,1,0,Volvería a comprar
13000000745,20240422,1,292,10,0,0,1,
13000000746,20250521,2,483,10,0,0,1,
13000000747,20250506,1,1356,3,1,0,0,Tardó un poco más de lo esperado
13000000748,20250904,2,1234,8,0,1,0,
13000000749,20250919,1,359,9,0,0,1,Entrega rápida y producto excelente
13000000750,20240309,1,671,8,0,1,0,Volvería a comprar
13000000751,20240504,2,595,9,0,0,1,
13000000752,20250530,2,1405,7,0,1,0,Entrega rápida y producto excelente
13000000753,20250118,1,1230,5,1,0,0,
13000000754,20251005,1,173,7,0,1,0,Todo perfecto
13000000755,20250221,2,130,0,1,0,0,Muy conforme con la calidad
13000000756,20240909,1,1134,9,0,0,1,
13000000757,20250525,1,132,8,0,1,0,Muy conforme con la calidad
13000000758,20240610,2,74,0,1,0,0,Todo perfecto
13000000759,20240417,2,147,5,1,0,0,Todo perfecto
13000000760,20250408,1,791,10,0,0,1,
13000000761,20240728,1,849,10,0,0,1,
13000000762,20240305,1,84,8,0,1,0,Tardó un poco más de lo esperado
13000000763,20250917,2,1313,7,0,1,0,Entrega rápida y producto excelente
13000000764,20250804,2,930,9,0,0,1,Atención muy buena
13000000765,20240708,2,160,3,1,0,0,Entrega rápida y producto excelente
13000000766,20250918,2,1128,10,0,0,1,
13000000767,20250413,1,1029,8,0,1,0,Todo perfecto
13000000768,20240809,1,185,10,0,0,1,Todo perfecto
13000000769,20240609,2,1144,8,0,1,0,Podría mejorar el empaque
13000000770,20240815,1,930,6,1,0,0,Atención muy buena
13000000771,20250908,1,774,10,0,0,1,Tardó un poco más de lo esperado
13000000772,20240822,2,688,1,1,0,0,Podría mejorar el empaque
13000000773,20240409,1,433,9,0,0,1,Tardó un poco más de lo esperado
13000000774,20250321,1,249,9,0,0,1,Entrega rápida y producto excelente
13000000775,20250303,2,279,0,1,0,0,Muy conforme con la calidad
13000000776,20240906,1,1452,9,0,0,1,
13000000777,20240117,2,1223,8,0,1,0,Todo perfecto
13000000778,20241005,1,1385,10,0,0,1,Entrega rápida y producto excelente
13000000779,20250808,1,722,9,0,0,1,Atención muy buena
13000000780,20240530,2,1085,6,1,0,0,Muy conforme con la calidad
13000000781,20250816,1,378,3,1,0,0,Volvería a comprar
13000000782,20241202,1,54,3,1,0,0,Podría mejorar el empaque
13000000783,20240621,2,727,6,1,0,0,Podría mejorar el empaque
13000000784,20250526,1,1398,9,0,0,1,Todo perfecto
13000000785,20250916,1,1406,4,1,0,0,Podría mejorar el empaque
13000000786,20250426,1,591,10,0,0,1,Todo perfecto
13000000787,20240402,2,10,9,0,0,1,Tardó un poco más de lo esperado
13000000788,20240908,1,877,2,1,0,0,
13000000789,20241128,2,522,8,0,1,0,Muy conforme con la calidad
13000000790,20240826,2,203,7,0,1,0,Entrega rápida y producto excelente
13000000791,20241027,2,1049,10,0,0,1,Entrega rápida y producto excelente
13000000792,20250928,2,855,8,0,1,0,Volvería a comprar
13000000793,20240122,1,584,7,0,1,0,Entrega rápida y producto excelente
13000000794,20240823,2,1387,5,1,0,0,
13000000795,20241206,1,571,10,0,0,1,Todo perfecto
13000000796,20250609,2,791,6,1,0,0,Muy conforme con la calidad
13000000797,20241222,2,106,7,0,1,0,Tardó un poco más de lo esperado
13000000798,20240429,2,1114,10,0,0,1,
13000000799,20241229,1,397,5,1,0,0,Volvería a comprar
13000000800,20250519,2,46,9,0,0,1,Volvería a comprar
13000000801,20241228,2,1260,8,0,1,0,Muy conforme con la calidad
13000000802,20241107,2,1473,6,1,0,0,Podría mejorar el empaque
13000000803,20250425,1,582,10,0,0,1,
13000000804,20240326,1,323,8,0,1,0,Atención muy buena
13000000805,20240508,1,203,7,0,1,0,Tardó un poco más de lo esperado
13000000806,20250513,1,1180,8,0,1,0,Tardó un poco más de lo esperado
13000000807,20250119,2,358,6,1,0,0,Entrega rápida y producto excelente
13000000808,20250515,1,922,8,0,1,0,Volvería a comprar
13000000809,20250225,2,645,4,1,0,0,Entrega rápida y producto excelente
13000000810,20250212,1,582,7,0,1,0,Atención muy buena
13000000811,20250920,2,783,2,1,0,0,Podría mejorar el empaque
13000000812,20240123,1,852,0,1,0,0,Atención muy buena
13000000813,20250809,1,513,2,1,0,0,Entrega rápida y producto excelente
13000000814,20240314,1,169,8,0,1,0,Entrega rápida y producto excelente
13000000815,20240501,1,1209,10,0,0,1,
13000000816,20250930,1,147,9,0,0,1,Muy conforme con la calidad
13000000817,20250207,1,185,6,1,0,0,Podría mejorar el empaque
13000000818,20241027,2,739,10,0,0,1,Volvería a comprar
13000000819,20250122,2,1470,7,0,1,0,Atención muy buena
13000000820,20250213,1,198,8,0,1,0,Muy conforme con la calidad
13000000821,20240312,1,884,8,0,1,0,Todo perfecto
13000000822,20241119,1,457,10,0,0,1,Podría mejorar el empaque
13000000823,20241226,1,1184,10,0,0,1,Podría mejorar el empaque
13000000824,20250527,2,221,7,0,1,0,Entrega rápida y producto excelente
13000000825,20240829,2,117,10,0,0,1,Volvería a comprar
13000000826,20240717,2,703,6,1,0,0,Todo perfecto
13000000827,20251004,1,58,10,0,0,1,Podría mejorar el empaque
13000000828,20250506,1,840,8,0,1,0,Volvería a comprar
13000000829,20250205,2,634,8,0,1,0,Volvería a comprar
13000000830,20241109,2,914,9,0,0,1,Atención muy buena
13000000831,20250505,1,1281,8,0,1,0,Atención muy buena
13000000832,20240118,2,852,5,1,0,0,Atención muy buena
13000000833,20240321,2,1336,7,0,1,0,Tardó un poco más de lo esperado
13000000834,20251009,1,1264,1,1,0,0,Volvería a comprar
13000000835,20250201,1,140,1,1,0,0,
13000000836,20240612,1,162,9,0,0,1,Podría mejorar el empaque
13000000837,20240502,1,460,8,0,1,0,Volvería a comprar
13000000838,20241108,1,1392,5,1,0,0,Podría mejorar el empaque
13000000839,20241109,2,4,9,0,0,1,Entrega rápida y producto excelente
13000000840,20241130,2,1372,8,0,1,0,
13000000841,20250726,2,921,7,0,1,0,Atención muy buena
13000000842,20241002,1,880,8,0,1,0,Todo perfecto
13000000843,20240531,2,603,10,0,0,1,Todo perfecto
13000000844,20250219,1,389,5,1,0,0,Muy conforme con la calidad
13000000845,20240209,2,769,8,0,1,0,Podría mejorar el empaque
13000000846,20240823,2,1480,9,0,0,1,Podría mejorar el empaque
13000000847,20250620,1,1352,1,1,0,0,Todo perfecto
13000000848,20240531,1,1081,6,1,0,0,Todo perfecto
13000000849,20250811,2,1318,10,0,0,1,Volvería a comprar
13000000850,20240112,2,1129,8,0,1,0,Muy conforme con la calidad
13000000851,20250730,1,495,7,0,1,0,Muy conforme con la calidad
13000000852,20240325,1,586,10,0,0,1,Entrega rápida y producto excelente
13000000853,20240425,1,554,7,0,1,0,Entrega rápida y producto excelente
13000000854,20250922,1,440,1,1,0,0,Muy conforme con la calidad
13000000855,20241231,1,212,8,0,1,0,Entrega rápida y producto excelente
13000000856,20250518,1,538,8,0,1,0,Muy conforme con la calidad
13000000857,20250730,2,588,0,1,0,0,Atención muy buena
13000000858,20250805,1,1135,7,0,1,0,Atención muy buena
13000000859,20240624,1,452,7,0,1,0,Podría mejorar el empaque
13000000860,20250219,1,26,5,1,0,0,Entrega rápida y producto excelente
13000000861,20240907,2,33,10,0,0,1,Muy conforme con la calidad
13000000862,20250513,1,229,9,0,0,1,Entrega rápida y producto excelente
13000000863,20240307,1,1155,10,0,0,1,Volvería a comprar
13000000864,20250902,1,843,6,1,0,0,Muy conforme con la calidad
13000000865,20240513,2,570,8,0,1,0,Tardó un poco más de lo esperado
13000000866,20250528,1,1208,8,0,1,0,Tardó un poco más de lo esperado
13000000867,20250509,1,275,7,0,1,0,Entrega rápida y producto excelente
13000000868,20250413,1,529,6,1,0,0,Tardó un poco más de lo esperado
13000000869,20250323,2,599,10,0,0,1,Atención muy buena
13000000870,20250119,1,333,5,1,0,0,Todo perfecto
13000000871,20240422,1,6,9,0,0,1,Muy conforme con la calidad
13000000872,20250511,1,549,9,0,0,1,Atención muy buena
13000000873,20250326,2,1427,6,1,0,0,Muy conforme con la calidad
13000000874,20241009,1,1237,7,0,1,0,Entrega rápida y producto excelente
13000000875,20250226,2,432,8,0,1,0,Volvería a comprar
13000000876,20250502,1,657,7,0,1,0,Tardó un poco más de lo esperado
13000000877,20250422,1,730,9,0,0,1,Todo perfecto
13000000878,20241012,2,824,7,0,1,0,Tardó un poco más de lo esperado
13000000879,20250302,1,1001,9,0,0,1,
13000000880,20250510,1,188,8,0,1,0,Atención muy buena
13000000881,20250711,1,965,6,1,0,0,
13000000882,20250929,1,717,9,0,0,1,Tardó un poco más de lo esperado
13000000883,20240306,2,1085,9,0,0,1,Tardó un poco más de lo esperado
13000000884,20241009,1,765,9,0,0,1,Tardó un poco más de lo esperado
13000000885,20250628,2,484,2,1,0,0,Volvería a comprar
13000000886,20251002,1,931,6,1,0,0,Atención muy buena
13000000887,20250905,1,417,10,0,0,1,Tardó un poco más de lo esperado
13000000888,20241016,2,801,10,0,0,1,Tardó un poco más de lo esperado
13000000889,20240621,1,501,4,1,0,0,Atención muy buena
13000000890,20240331,2,1358,9,0,0,1,Volvería a comprar
13000000891,20250822,2,1325,6,1,0,0,Entrega rápida y producto excelente
13000000892,20241226,1,960,10,0,0,1,Muy conforme con la calidad
13000000893,20240721,1,637,6,1,0,0,Volvería a comprar
13000000894,20240330,2,956,2,1,0,0,Muy conforme con la calidad
13000000895,20250404,2,533,7,0,1,0,Podría mejorar el empaque
13000000896,20250702,1,1495,6,1,0,0,Volvería a comprar
13000000897,20250514,2,1025,8,0,1,0,Podría mejorar el empaque
13000000898,20240910,1,1176,10,0,0,1,Podría mejorar el empaque
13000000899,20240328,2,803,8,0,1,0,Atención muy buena
13000000900,20240608,1,725,6,1,0,0,Entrega rápida y producto excelente
13000000901,20250630,1,938,9,0,0,1,Entrega rápida y producto excelente
13000000902,20240911,1,1031,8,0,1,0,Podría mejorar el empaque
13000000903,20241106,1,696,1,1,0,0,Atención muy buena
13000000904,20250805,1,237,3,1,0,0,
13000000905,20250214,1,1053,10,0,0,1,Entrega rápida y producto excelente
13000000906,20250405,1,308,6,1,0,0,Volvería a comprar
13000000907,20250918,1,672,8,0,1,0,Tardó un poco más de lo esperado
13000000908,20250722,2,1147,8,0,1,0,Entrega rápida y producto excelente
13000000909,20250612,2,1238,7,0,1,0,Todo perfecto
13000000910,20250411,2,460,8,0,1,0,Podría mejorar el empaque
13000000911,20240218,2,906,10,0,0,1,Podría mejorar el empaque
13000000912,20240119,1,825,8,0,1,0,Tardó un poco más de lo esperado
13000000913,20250509,2,1095,8,0,1,0,
13000000914,20250219,2,435,10,0,0,1,Todo perfecto
13000000915,20250222,2,585,8,0,1,0,
13000000916,20240904,2,281,9,0,0,1,Tardó un poco más de lo esperado
13000000917,20250821,2,82,6,1,0,0,
13000000918,20240503,1,329,10,0,0,1,Muy conforme con la calidad
13000000919,20241219,1,415,7,0,1,0,
13000000920,20240306,1,1135,4,1,0,0,
13000000921,20240506,1,1021,4,1,0,0,Volvería a comprar
13000000922,20251010,1,160,4,1,0,0,
13000000923,20250118,1,434,7,0,1,0,Tardó un poco más de lo esperado
13000000924,20241122,2,357,4,1,0,0,Muy conforme con la calidad
13000000925,20250412,1,1285,7,0,1,0,Todo perfecto
13000000926,20250217,1,229,7,0,1,0,Muy conforme con la calidad
13000000927,20240608,1,420,9,0,0,1,
13000000928,20241220,2,2,8,0,1,0,Tardó un poco más de lo esperado
13000000929,20240803,1,47,10,0,0,1,Todo perfecto
13000000930,20250501,1,1163,6,1,0,0,Tardó un poco más de lo esperado
13000000931,20250731,1,1423,9,0,0,1,Entrega rápida y producto excelente
13000000932,20240813,1,615,4,1,0,0,Todo perfecto
13000000933,20251012,1,1149,7,0,1,0,Muy conforme con la calidad
13000000934,20240928,1,628,8,0,1,0,Muy conforme con la calidad
13000000935,20250109,1,1247,5,1,0,0,Volvería a comprar
13000000936,20250620,1,458,9,0,0,1,Tardó un poco más de lo esperado
13000000937,20250605,2,95,10,0,0,1,Entrega rápida y producto excelente
13000000938,20240227,1,1002,7,0,1,0,Atención muy buena
13000000939,20250223,2,488,1,1,0,0,Podría mejorar el empaque
13000000940,20250805,2,851,4,1,0,0,Volvería a comprar
13000000941,20250301,2,509,7,0,1,0,Entrega rápida y producto excelente
13000000942,20250319,1,888,10,0,0,1,Muy conforme con la calidad
13000000943,20240619,2,1268,9,0,0,1,Atención muy buena
13000000944,20240815,2,507,9,0,0,1,Muy conforme con la calidad
13000000945,20250605,2,387,10,0,0,1,Tardó un poco más de lo esperado
13000000946,20241114,1,670,2,1,0,0,Tardó un poco más de lo esperado
13000000947,20250726,1,186,9,0,0,1,
13000000948,20240729,1,1235,9,0,0,1,Podría mejorar el empaque
13000000949,20240808,1,418,10,0,0,1,Muy conforme con la calidad
13000000950,20240722,1,196,6,1,0,0,Volvería a comprar
13000000951,20240322,1,304,10,0,0,1,
13000000952,20241230,2,1434,9,0,0,1,
13000000953,20250522,2,453,10,0,0,1,Volvería a comprar
13000000954,20240823,2,1040,4,1,0,0,Tardó un poco más de lo esperado
13000000955,20250516,1,107,10,0,0,1,Atención muy buena
13000000956,20250319,2,887,8,0,1,0,Muy conforme con la calidad
13000000957,20250426,1,837,10,0,0,1,
13000000958,20250513,1,1327,9,0,0,1,Todo perfecto
13000000959,20240417,1,836,9,0,0,1,Podría mejorar el empaque
13000000960,20250525,1,1413,8,0,1,0,Podría mejorar el empaque
13000000961,20240304,2,621,9,0,0,1,Atención muy buena
13000000962,20240831,1,947,6,1,0,0,
13000000963,20240130,1,1015,8,0,1,0,Entrega rápida y producto excelente
13000000964,20250625,2,458,9,0,0,1,Muy conforme con la calidad
13000000965,20250818,1,1462,9,0,0,1,
13000000966,20241009,2,289,3,1,0,0,Todo perfecto
13000000967,20240304,2,1318,0,1,0,0,Podría mejorar el empaque
13000000968,20240220,2,720,6,1,0,0,Todo perfecto
13000000969,20241025,2,350,7,0,1,0,Entrega rápida y producto excelente
13000000970,20240218,1,1276,8,0,1,0,Volvería a comprar
13000000971,20250217,2,1141,10,0,0,1,
13000000972,20250415,2,640,10,0,0,1,
13000000973,20250907,2,8,8,0,1,0,Todo perfecto
13000000974,20250126,2,666,8,0,1,0,
13000000975,20241026,1,1451,10,0,0,1,Podría mejorar el empaque
13000000976,20250417,1,384,6,1,0,0,Muy conforme con la calidad
13000000977,20241013,1,1130,10,0,0,1,Atención muy buena
13000000978,20240413,1,547,8,0,1,0,Entrega rápida y producto excelente
13000000979,20250526,1,1228,10,0,0,1,Tardó un poco más de lo esperado
13000000980,20250909,1,1209,9,0,0,1,Todo perfecto
13000000981,20250425,1,1489,9,0,0,1,Entrega rápida y producto excelente
13000000982,20250311,1,4,10,0,0,1,Todo perfecto
13000000983,20240813,1,760,9,0,0,1,Atención muy buena
13000000984,20240606,1,286,9,0,0,1,Entrega rápida y producto excelente
13000000985,20250220,1,951,10,0,0,1,Atención muy buena
13000000986,20250807,2,487,10,0,0,1,Atención muy buena
13000000987,20240210,2,1218,2,1,0,0,Atención muy buena
13000000988,20250714,1,522,5,1,0,0,Entrega rápida y producto excelente
13000000989,20250303,1,468,8,0,1,0,Podría mejorar el empaque
13000000990,20240601,2,703,10,0,0,1,Entrega rápida y producto excelente
13000000991,20241226,1,1000,9,0,0,1,Atención muy buena
13000000992,20250418,2,137,10,0,0,1,
13000000993,20241030,2,168,9,0,0,1,
13000000994,20241123,2,452,10,0,0,1,
13000000995,20250117,2,1210,2,1,0,0,Tardó un poco más de lo esperado
13000000996,20250723,2,599,10,0,0,1,Podría mejorar el empaque
13000000997,20250616,1,734,10,0,0,1,Tardó un poco más de lo esperado
13000000998,20250904,2,27,9,0,0,1,Atención muy buena
13000000999,20240528,1,1186,10,0,0,1,Tardó un poco más de lo esperado
13000001000,20250621,2,1227,5,1,0,0,Entrega rápida y producto excelente
13000001001,20240722,2,1338,9,0,0,1,Muy conforme con la calidad
13000001002,20250629,2,1275,7,0,1,0,Entrega rápida y producto excelente
13000001003,20250319,1,934,6,1,0,0,Todo perfecto
13000001004,20240706,2,883,10,0,0,1,Tardó un poco más de lo esperado
13000001005,20241115,1,624,8,0,1,0,
13000001006,20250810,1,1272,7,0,1,0,Podría mejorar el empaque
13000001007,20250105,2,746,10,0,0,1,
13000001008,20240511,1,858,8,0,1,0,Tardó un poco más de lo esperado
13000001009,20250620,1,393,10,0,0,1,Volvería a comprar
13000001010,20240707,1,990,10,0,0,1,Entrega rápida y producto excelente
13000001011,20241111,1,769,7,0,1,0,Volvería a comprar
13000001012,20240927,1,496,2,1,0,0,Muy conforme con la calidad
13000001013,20240223,1,401,7,0,1,0,Tardó un poco más de lo esperado
13000001014,20240509,1,1042,10,0,0,1,Todo perfecto
13000001015,20240915,2,1101,6,1,0,0,
13000001016,20241029,1,15,9,0,0,1,
13000001017,20240508,1,748,7,0,1,0,Podría mejorar el empaque
13000001018,20251007,1,825,10,0,0,1,Atención muy buena
13000001019,20250531,2,957,7,0,1,0,Entrega rápida y producto excelente
13000001020,20250121,1,528,3,1,0,0,Tardó un poco más de lo esperado
13000001021,20250115,1,1422,1,1,0,0,Volvería a comprar
13000001022,20251010,1,71,5,1,0,0,Entrega rápida y producto excelente
13000001023,20240808,2,1375,5,1,0,0,Tardó un poco más de lo esperado
13000001024,20241221,2,504,9,0,0,1,Entrega rápida y producto excelente
13000001025,20240420,2,1257,8,0,1,0,Podría mejorar el empaque
13000001026,20240820,2,1165,2,1,0,0,Muy conforme con la calidad
13000001027,20250410,1,39,8,0,1,0,Tardó un poco más de lo esperado
13000001028,20241223,2,102,3,1,0,0,Muy conforme con la calidad
13000001029,20250917,1,863,7,0,1,0,
13000001030,20240512,1,494,3,1,0,0,Entrega rápida y producto excelente
13000001031,20250418,1,1132,5,1,0,0,Muy conforme con la calidad
13000001032,20240513,1,723,9,0,0,1,Volvería a comprar
13000001033,20240202,2,280,9,0,0,1,Podría mejorar el empaque
13000001034,20250617,1,765,8,0,1,0,Todo perfecto
13000001035,20240603,1,778,1,1,0,0,Todo perfecto
13000001036,20240626,1,428,8,0,1,0,Podría mejorar el empaque
13000001037,20240204,2,559,7,0,1,0,Podría mejorar el empaque
13000001038,20240326,2,1318,10,0,0,1,Podría mejorar el empaque
13000001039,20250215,1,1451,6,1,0,0,Atención muy buena
13000001040,20240224,1,994,4,1,0,0,Todo perfecto
13000001041,20240426,1,311,5,1,0,0,Atención muy buena
13000001042,20250812,1,282,8,0,1,0,Atención muy buena
13000001043,20241006,2,94,9,0,0,1,Todo perfecto
13000001044,20240325,1,1359,9,0,0,1,Muy conforme con la calidad
13000001045,20241219,2,1400,8,0,1,0,
13000001046,20240224,2,244,7,0,1,0,Todo perfecto
13000001047,20251009,1,295,8,0,1,0,Muy conforme con la calidad
13000001048,20241111,1,731,1,1,0,0,
13000001049,20250419,2,1191,7,0,1,0,Tardó un poco más de lo esperado
13000001050,20250309,1,1104,8,0,1,0,Atención muy buena
13000001051,20250711,2,489,7,0,1,0,Volvería a comprar
13000001052,20250827,2,1096,7,0,1,0,Muy conforme con la calidad
13000001053,20250315,1,1253,1,1,0,0,Volvería a comprar
13000001054,20240826,1,987,8,0,1,0,
13000001055,20240316,1,43,8,0,1,0,Todo perfecto
13000001056,20250718,1,268,9,0,0,1,Podría mejorar el empaque
13000001057,20240828,1,1045,9,0,0,1,Tardó un poco más de lo esperado
13000001058,20240815,1,1410,4,1,0,0,
13000001059,20241116,1,859,10,0,0,1,Atención muy buena
13000001060,20240707,1,353,7,0,1,0,Entrega rápida y producto excelente
13000001061,20241101,2,350,10,0,0,1,Volvería a comprar
13000001062,20240224,2,663,3,1,0,0,
13000001063,20240301,1,601,7,0,1,0,Muy conforme con la calidad
13000001064,20241031,1,468,6,1,0,0,Volvería a comprar
13000001065,20250817,2,975,10,0,0,1,Tardó un poco más de lo esperado
13000001066,20250615,2,1041,10,0,0,1,Muy conforme con la calidad
13000001067,20250717,2,439,6,1,0,0,Atención muy buena
13000001068,20250509,1,1120,8,0,1,0,Volvería a comprar
13000001069,20241228,1,948,9,0,0,1,
13000001070,20250911,2,1090,7,0,1,0,Muy conforme con la calidad
13000001071,20250819,1,771,0,1,0,0,Muy conforme con la calidad
13000001072,20241224,2,1337,7,0,1,0,Muy conforme con la calidad
13000001073,20241022,2,1269,5,1,0,0,Podría mejorar el empaque
13000001074,20250713,1,1052,10,0,0,1,Entrega rápida y producto excelente
13000001075,20250501,1,628,5,1,0,0,Podría mejorar el empaque
13000001076,20250424,2,589,8,0,1,0,Podría mejorar el empaque
13000001077,20250709,1,326,0,1,0,0,
13000001078,20250222,1,1463,9,0,0,1,Volvería a comprar
13000001079,20250707,2,1131,3,1,0,0,Todo perfecto
13000001080,20241020,1,688,10,0,0,1,Todo perfecto
13000001081,20250220,1,1135,6,1,0,0,Todo perfecto
13000001082,20250304,2,516,8,0,1,0,Entrega rápida y producto excelente
13000001083,20250824,2,1019,4,1,0,0,Atención muy buena
13000001084,20250603,1,1009,4,1,0,0,
13000001085,20250517,2,1015,9,0,0,1,Todo perfecto
13000001086,20250605,1,234,9,0,0,1,
13000001087,20240729,1,699,3,1,0,0,Muy conforme con la calidad
13000001088,20240514,2,807,2,1,0,0,Entrega rápida y producto excelente
13000001089,20240714,2,945,9,0,0,1,Podría mejorar el empaque
13000001090,20250414,1,264,7,0,1,0,Atención muy buena
13000001091,20241128,2,405,7,0,1,0,Tardó un poco más de lo esperado
13000001092,20250531,1,549,7,0,1,0,
13000001093,20240714,1,365,4,1,0,0,Atención muy buena
13000001094,20250715,1,1208,5,1,0,0,Podría mejorar el empaque
13000001095,20241228,1,1005,9,0,0,1,Entrega rápida y producto excelente
13000001096,20240709,1,1437,5,1,0,0,Todo perfecto
13000001097,20240923,1,396,9,0,0,1,Todo perfecto
13000001098,20250103,1,711,2,1,0,0,Entrega rápida y producto excelente
13000001099,20250622,1,497,9,0,0,1,Atención muy buena
13000001100,20240120,1,37,10,0,0,1,Muy conforme con la calidad
13000001101,20240828,1,380,8,0,1,0,Entrega rápida y producto excelente
13000001102,20250828,2,535,5,1,0,0,Muy conforme con la calidad
13000001103,20240623,2,651,8,0,1,0,Volvería a comprar
13000001104,20241023,1,1085,9,0,0,1,Entrega rápida y producto excelente
13000001105,20241207,2,1238,8,0,1,0,Muy conforme con la calidad
13000001106,20250820,1,184,6,1,0,0,Muy conforme con la calidad
13000001107,20250929,2,498,7,0,1,0,Entrega rápida y producto excelente
13000001108,20240907,2,1117,7,0,1,0,Atención muy buena
13000001109,20250812,1,469,10,0,0,1,Podría mejorar el empaque
13000001110,20240804,1,815,5,1,0,0,Entrega rápida y producto excelente
13000001111,20240820,2,282,10,0,0,1,Tardó un poco más de lo esperado
13000001112,20250101,2,335,9,0,0,1,
13000001113,20250117,1,261,6,1,0,0,Todo perfecto
13000001114,20250126,2,540,7,0,1,0,
13000001115,20241019,1,989,6,1,0,0,Atención muy buena
13000001116,20250808,1,354,9,0,0,1,Atención muy buena
13000001117,20250529,1,487,1,1,0,0,
13000001118,20240905,2,553,9,0,0,1,Podría mejorar el empaque
13000001119,20250506,2,1111,7,0,1,0,Podría mejorar el empaque
13000001120,20240731,1,293,1,1,0,0,Volvería a comprar
13000001121,20250310,1,814,7,0,1,0,Volvería a comprar
13000001122,20240220,2,444,7,0,1,0,Todo perfecto
13000001123,20250707,2,69,8,0,1,0,Volvería a comprar
13000001124,20250315,1,1074,8,0,1,0,Entrega rápida y producto excelente
13000001125,20240620,2,121,3,1,0,0,Entrega rápida y producto excelente
13000001126,20250102,2,1418,3,1,0,0,Podría mejorar el empaque
13000001127,20250311,2,1317,4,1,0,0,Entrega rápida y producto excelente
13000001128,20240808,1,317,8,0,1,0,
13000001129,20250622,2,1159,9,0,0,1,Muy conforme con la calidad
13000001130,20250727,1,876,9,0,0,1,Podría mejorar el empaque
13000001131,20250415,2,159,8,0,1,0,Atención muy buena
13000001132,20240514,2,1246,8,0,1,0,Entrega rápida y producto excelente
13000001133,20241215,1,831,9,0,0,1,Todo perfecto
13000001134,20250110,2,14,9,0,0,1,
13000001135,20241114,2,52,8,0,1,0,Tardó un poco más de lo esperado
13000001136,20240530,1,63,0,1,0,0,
13000001137,20240725,2,714,7,0,1,0,Entrega rápida y producto excelente
13000001138,20240830,2,276,9,0,0,1,Atención muy buena
13000001139,20240406,2,165,7,0,1,0,Muy conforme con la calidad
13000001140,20240305,1,361,7,0,1,0,Podría mejorar el empaque
13000001141,20240707,1,1339,8,0,1,0,Podría mejorar el empaque
13000001142,20240120,2,56,9,0,0,1,Muy conforme con la calidad
13000001143,20250927,2,665,2,1,0,0,Entrega rápida y producto excelente
13000001144,20240516,1,1475,10,0,0,1,Todo perfecto
13000001145,20250328,1,1356,7,0,1,0,Atención muy buena
13000001146,20241027,2,142,8,0,1,0,
13000001147,20250904,2,466,8,0,1,0,Podría mejorar el empaque
13000001148,20241112,1,1169,7,0,1,0,Tardó un poco más de lo esperado
13000001149,20250110,1,634,9,0,0,1,Tardó un poco más de lo esperado
13000001150,20240109,2,209,9,0,0,1,Muy conforme con la calidad
13000001151,20241210,1,1157,9,0,0,1,Podría mejorar el empaque
13000001152,20250227,1,1258,8,0,1,0,Podría mejorar el empaque
13000001153,20240404,1,663,0,1,0,0,Todo perfecto
13000001154,20240430,1,785,8,0,1,0,Tardó un poco más de lo esperado
13000001155,20241229,2,267,8,0,1,0,Todo perfecto
13000001156,20251001,1,655,6,1,0,0,Entrega rápida y producto excelente
13000001157,20241215,1,757,7,0,1,0,Atención muy buena
13000001158,20250801,1,1329,9,0,0,1,Atención muy buena
13000001159,20250520,1,542,10,0,0,1,Muy conforme con la calidad
13000001160,20240216,2,316,8,0,1,0,Podría mejorar el empaque
13000001161,20250724,1,398,1,1,0,0,
13000001162,20250620,1,964,8,0,1,0,Entrega rápida y producto excelente
13000001163,20241116,2,854,10,0,0,1,Volvería a comprar
13000001164,20240421,2,1065,7,0,1,0,Atención muy buena
13000001165,20240901,1,359,9,0,0,1,Muy conforme con la calidad
13000001166,20240430,1,174,4,1,0,0,Volvería a comprar
13000001167,20250101,1,1333,9,0,0,1,Podría mejorar el empaque
13000001168,20240522,2,901,0,1,0,0,
13000001169,20240429,1,977,10,0,0,1,Podría mejorar el empaque
13000001170,20250524,1,757,7,0,1,0,Atención muy buena
13000001171,20241019,1,1029,9,0,0,1,
13000001172,20250320,1,904,8,0,1,0,Muy conforme con la calidad
13000001173,20250524,1,716,5,1,0,0,
13000001174,20250210,2,1463,8,0,1,0,
13000001175,20250203,2,800,9,0,0,1,Tardó un poco más de lo esperado
13000001176,20250203,2,1366,8,0,1,0,
13000001177,20240927,1,1009,8,0,1,0,Entrega rápida y producto excelente
13000001178,20250916,2,487,8,0,1,0,Podría mejorar el empaque
13000001179,20240605,1,970,9,0,0,1,Todo perfecto
13000001180,20240928,1,1127,10,0,0,1,
13000001181,20240930,1,22,6,1,0,0,Atención muy buena
13000001182,20241212,1,1401,9,0,0,1,Todo perfecto
13000001183,20240409,2,571,10,0,0,1,Muy conforme con la calidad
13000001184,20240416,1,1061,7,0,1,0,Podría mejorar el empaque
13000001185,20250311,1,143,8,0,1,0,Muy conforme con la calidad
13000001186,20250725,1,712,1,1,0,0,
13000001187,20250418,1,649,6,1,0,0,
13000001188,20250526,1,317,8,0,1,0,Volvería a comprar
13000001189,20250513,2,16,7,0,1,0,Atención muy buena
13000001190,20241201,2,175,9,0,0,1,Muy conforme con la calidad
13000001191,20240730,2,694,5,1,0,0,
13000001192,20240819,1,1377,9,0,0,1,Muy conforme con la calidad
13000001193,20240311,2,653,5,1,0,0,Todo perfecto
13000001194,20250117,1,1328,8,0,1,0,Todo perfecto
13000001195,20250210,1,850,8,0,1,0,
13000001196,20240325,2,1043,10,0,0,1,Muy conforme con la calidad
13000001197,20240608,2,120,9,0,0,1,Tardó un poco más de lo esperado
13000001198,20240625,1,374,1,1,0,0,Podría mejorar el empaque
13000001199,20250523,2,1023,10,0,0,1,Entrega rápida y producto excelente
13000001200,20240829,1,1435,4,1,0,0,Muy conforme con la calidad
13000001201,20240501,2,1022,4,1,0,0,Volvería a comprar
13000001202,20250427,2,397,5,1,0,0,Atención muy buena
13000001203,20250226,1,539,1,1,0,0,Tardó un poco más de lo esperado
13000001204,20240428,2,662,7,0,1,0,Podría mejorar el empaque
13000001205,20250208,2,413,7,0,1,0,Podría mejorar el empaque
13000001206,20240925,1,978,7,0,1,0,
13000001207,20240310,1,94,8,0,1,0,Todo perfecto
13000001208,20250112,2,593,9,0,0,1,Volvería a comprar
13000001209,20251009,1,3,10,0,0,1,Podría mejorar el empaque
13000001210,20240301,1,986,9,0,0,1,Muy conforme con la calidad
13000001211,20250722,1,1097,5,1,0,0,Tardó un poco más de lo esperado
13000001212,20240208,2,1298,8,0,1,0,Podría mejorar el empaque
13000001213,20240225,2,968,0,1,0,0,
13000001214,20240208,2,256,10,0,0,1,Entrega rápida y producto excelente
13000001215,20250624,2,165,7,0,1,0,Podría mejorar el empaque
13000001216,20240409,2,74,8,0,1,0,Volvería a comprar
13000001217,20240628,1,610,9,0,0,1,Entrega rápida y producto excelente
13000001218,20240705,1,1181,8,0,1,0,Atención muy buena
13000001219,20250720,1,1198,7,0,1,0,
13000001220,20251006,2,383,9,0,0,1,Tardó un poco más de lo esperado
13000001221,20241220,1,327,4,1,0,0,Tardó un poco más de lo esperado
13000001222,20250523,1,1118,3,1,0,0,Muy conforme con la calidad
13000001223,20240911,2,1093,5,1,0,0,Muy conforme con la calidad
13000001224,20250713,1,348,10,0,0,1,Podría mejorar el empaque
13000001225,20250407,1,988,9,0,0,1,Tardó un poco más de lo esperado
13000001226,20240708,1,1242,8,0,1,0,Atención muy buena
13000001227,20240219,2,645,8,0,1,0,
13000001228,20240221,1,1068,7,0,1,0,Volvería a comprar
13000001229,20250625,1,523,9,0,0,1,Atención muy buena
13000001230,20240208,1,624,0,1,0,0,Muy conforme con la calidad
13000001231,20240418,2,705,6,1,0,0,Muy conforme con la calidad
13000001232,20250117,2,12,3,1,0,0,Entrega rápida y producto excelente
13000001233,20250409,1,748,9,0,0,1,
13000001234,20240320,2,922,9,0,0,1,
13000001235,20250222,2,637,7,0,1,0,Muy conforme con la calidad
13000001236,20250224,2,1225,8,0,1,0,Tardó un poco más de lo esperado
13000001237,20240115,2,1336,3,1,0,0,Tardó un poco más de lo esperado
13000001238,20250128,1,1006,6,1,0,0,Volvería a comprar
13000001239,20241013,1,717,9,0,0,1,Tardó un poco más de lo esperado
13000001240,20250429,1,1117,5,1,0,0,Entrega rápida y producto excelente
13000001241,20250905,1,547,7,0,1,0,Todo perfecto
13000001242,20240406,2,1073,6,1,0,0,
13000001243,20250903,2,611,9,0,0,1,Tardó un poco más de lo esperado
13000001244,20250301,2,1315,7,0,1,0,Muy conforme con la calidad
13000001245,20250408,2,881,10,0,0,1,Todo perfecto
13000001246,20240916,1,475,7,0,1,0,Tardó un poco más de lo esperado
13000001247,20250429,1,1015,5,1,0,0,Muy conforme con la calidad
13000001248,20240611,2,574,7,0,1,0,Entrega rápida y producto excelente
13000001249,20240425,1,71,9,0,0,1,
13000001250,20250926,2,737,9,0,0,1,Muy conforme con la calidad
13000001251,20241213,2,1060,4,1,0,0,Atención muy buena
13000001252,20240414,2,1145,8,0,1,0,Atención muy buena
13000001253,20240727,1,1256,10,0,0,1,Todo perfecto
13000001254,20250706,2,1063,9,0,0,1,Tardó un poco más de lo esperado
13000001255,20250212,1,551,0,1,0,0,Volvería a comprar
13000001256,20250111,2,248,5,1,0,0,Volvería a comprar
13000001257,20240630,1,831,6,1,0,0,
13000001258,20240417,2,968,10,0,0,1,Entrega rápida y producto excelente
13000001259,20240419,1,1010,3,1,0,0,Todo perfecto
13000001260,20240331,2,509,10,0,0,1,Tardó un poco más de lo esperado
13000001261,20250224,2,767,8,0,1,0,Podría mejorar el empaque
13000001262,20250305,1,795,8,0,1,0,Podría mejorar el empaque
13000001263,20250312,1,712,8,0,1,0,
13000001264,20240528,1,273,9,0,0,1,Entrega rápida y producto excelente
13000001265,20240713,1,818,6,1,0,0,Todo perfecto
13000001266,20240311,2,513,6,1,0,0,
13000001267,20240524,2,1026,10,0,0,1,Todo perfecto
13000001268,20250524,2,1347,8,0,1,0,
13000001269,20240310,1,258,2,1,0,0,Entrega rápida y producto excelente
13000001270,20250401,1,1010,10,0,0,1,Atención muy buena
13000001271,20241007,2,220,7,0,1,0,Tardó un poco más de lo esperado
13000001272,20250220,1,1048,8,0,1,0,Volvería a comprar
13000001273,20240224,1,1300,8,0,1,0,
13000001274,20250407,2,262,8,0,1,0,Volvería a comprar
13000001275,20240728,2,1141,10,0,0,1,Volvería a comprar
13000001276,20240124,2,1234,8,0,1,0,Tardó un poco más de lo esperado
13000001277,20241226,1,554,8,0,1,0,Volvería a comprar
13000001278,20240523,1,730,9,0,0,1,Entrega rápida y producto excelente
13000001279,20240415,2,578,9,0,0,1,Podría mejorar el empaque
13000001280,20250929,1,1133,8,0,1,0,Todo perfecto
13000001281,20250225,1,272,9,0,0,1,Muy conforme con la calidad
13000001282,20240501,1,705,7,0,1,0,Todo perfecto
13000001283,20250719,2,1304,3,1,0,0,Volvería a comprar
13000001284,20240609,2,1274,5,1,0,0,Podría mejorar el empaque
13000001285,20250725,1,38,1,1,0,0,Volvería a comprar
13000001286,20241129,2,1037,1,1,0,0,Atención muy buena
13000001287,20250702,1,1438,10,0,0,1,Tardó un poco más de lo esperado
13000001288,20241214,1,621,9,0,0,1,
13000001289,20250603,1,177,7,0,1,0,Todo perfecto
13000001290,20240206,2,1116,6,1,0,0,Atención muy buena
13000001291,20240228,2,537,6,1,0,0,Muy conforme con la calidad
13000001292,20250321,2,233,10,0,0,1,Todo perfecto
13000001293,20250520,1,358,9,0,0,1,Tardó un poco más de lo esperado
13000001294,20240922,1,544,6,1,0,0,Atención muy buena
13000001295,20250119,2,694,7,0,1,0,Muy conforme con la calidad
13000001296,20250630,2,1267,6,1,0,0,
13000001297,20241215,1,491,10,0,0,1,
13000001298,20250620,1,536,10,0,0,1,Volvería a comprar
13000001299,20240923,1,403,6,1,0,0,Podría mejorar el empaque
13000001300,20250809,1,856,9,0,0,1,Volvería a comprar
13000001301,20240219,2,184,7,0,1,0,Todo perfecto
13000001302,20240114,1,349,10,0,0,1,Todo perfecto
13000001303,20241207,1,356,4,1,0,0,Atención muy buena
13000001304,20241106,2,818,8,0,1,0,Podría mejorar el empaque
13000001305,20240912,2,1251,4,1,0,0,Todo perfecto
13000001306,20251002,2,85,8,0,1,0,Tardó un poco más de lo esperado
13000001307,20250122,1,255,10,0,0,1,Podría mejorar el empaque
13000001308,20250330,2,929,8,0,1,0,Entrega rápida y producto excelente
13000001309,20240925,2,541,6,1,0,0,Muy conforme con la calidad
13000001310,20250830,2,116,4,1,0,0,
13000001311,20250411,1,402,8,0,1,0,Todo perfecto
13000001312,20240429,2,922,3,1,0,0,Entrega rápida y producto excelente
13000001313,20240223,2,1484,6,1,0,0,
13000001314,20240815,1,986,1,1,0,0,Muy conforme con la calidad
13000001315,20241225,1,155,6,1,0,0,Entrega rápida y producto excelente
13000001316,20240611,1,138,7,0,1,0,Tardó un poco más de lo esperado
13000001317,20240122,1,556,9,0,0,1,
13000001318,20250930,1,401,6,1,0,0,
13000001319,20250902,2,267,0,1,0,0,Muy conforme con la calidad
13000001320,20240817,1,776,6,1,0,0,
13000001321,20250305,1,186,7,0,1,0,
13000001322,20240210,1,1330,0,1,0,0,Muy conforme con la calidad
13000001323,20240126,1,32,9,0,0,1,Muy conforme con la calidad
13000001324,20241029,1,7,6,1,0,0,Tardó un poco más de lo esperado
13000001325,20240128,1,358,9,0,0,1,Muy conforme con la calidad
13000001326,20240311,1,129,0,1,0,0,
13000001327,20250623,2,829,7,0,1,0,Atención muy buena
13000001328,20240809,2,1129,9,0,0,1,Todo perfecto
13000001329,20250212,1,1297,6,1,0,0,Entrega rápida y producto excelente
13000001330,20241220,1,1001,10,0,0,1,Atención muy buena
13000001331,20240307,2,1222,9,0,0,1,Muy conforme con la calidad
13000001332,20240428,1,961,6,1,0,0,Entrega rápida y producto excelente
13000001333,20240806,1,147,9,0,0,1,Volvería a comprar
13000001334,20250618,1,1439,9,0,0,1,Entrega rápida y producto excelente
13000001335,20250405,2,880,10,0,0,1,Atención muy buena
13000001336,20250312,2,208,10,0,0,1,Entrega rápida y producto excelente
13000001337,20240829,2,1240,8,0,1,0,
13000001338,20250826,2,956,9,0,0,1,Tardó un poco más de lo esperado
13000001339,20250610,2,1212,3,1,0,0,Volvería a comprar
13000001340,20250725,1,112,9,0,0,1,Podría mejorar el empaque
13000001341,20250613,1,999,10,0,0,1,Todo perfecto
13000001342,20250318,1,1381,10,0,0,1,Atención muy buena
13000001343,20240917,2,935,8,0,1,0,
13000001344,20250310,1,1412,10,0,0,1,Todo perfecto
13000001345,20251002,1,296,7,0,1,0,Podría mejorar el empaque
13000001346,20240223,1,933,3,1,0,0,Entrega rápida y producto excelente
13000001347,20250928,1,954,9,0,0,1,Volvería a comprar
13000001348,20241023,2,269,7,0,1,0,Tardó un poco más de lo esperado
13000001349,20250815,2,281,5,1,0,0,Volvería a comprar
13000001350,20250608,2,359,8,0,1,0,Muy conforme con la calidad
13000001351,20250628,1,492,9,0,0,1,
13000001352,20250522,2,489,5,1,0,0,Podría mejorar el empaque
13000001353,20250711,2,386,7,0,1,0,Entrega rápida y producto excelente
13000001354,20250821,1,1329,7,0,1,0,Entrega rápida y producto excelente
13000001355,20240226,2,649,5,1,0,0,Volvería a comprar
13000001356,20250517,1,684,9,0,0,1,Tardó un poco más de lo esperado
13000001357,20250929,2,928,8,0,1,0,
13000001358,20250525,1,1096,5,1,0,0,Muy conforme con la calidad
13000001359,20250625,1,546,10,0,0,1,Muy conforme con la calidad
13000001360,20240324,1,121,10,0,0,1,
13000001361,20240616,2,400,10,0,0,1,Volvería a comprar
13000001362,20240128,1,383,10,0,0,1,Tardó un poco más de lo esperado
13000001363,20240511,1,518,9,0,0,1,
13000001364,20250315,2,1130,9,0,0,1,Atención muy buena
13000001365,20250913,2,921,5,1,0,0,Todo perfecto
13000001366,20240920,1,42,8,0,1,0,
13000001367,20240726,1,1459,2,1,0,0,Muy conforme con la calidad
13000001368,20250922,2,1172,0,1,0,0,Atención muy buena
13000001369,20250904,1,300,7,0,1,0,Podría mejorar el empaque
13000001370,20240225,2,23,10,0,0,1,Todo perfecto
13000001371,20250908,1,321,5,1,0,0,Muy conforme con la calidad
13000001372,20241226,1,426,8,0,1,0,
13000001373,20250716,2,594,9,0,0,1,Volvería a comprar
13000001374,20240709,2,1483,9,0,0,1,Podría mejorar el empaque
13000001375,20251008,1,1003,9,0,0,1,
13000001376,20250526,2,457,5,1,0,0,Todo perfecto
13000001377,20240303,1,746,9,0,0,1,Podría mejorar el empaque
13000001378,20240617,2,150,9,0,0,1,Volvería a comprar
13000001379,20240513,1,1313,8,0,1,0,Volvería a comprar
13000001380,20240628,2,1087,10,0,0,1,Muy conforme con la calidad
13000001381,20250522,1,835,9,0,0,1,Todo perfecto
13000001382,20250202,2,1149,3,1,0,0,
13000001383,20240516,2,587,9,0,0,1,Entrega rápida y producto excelente
13000001384,20250218,1,257,7,0,1,0,Todo perfecto
13000001385,20241128,1,1127,0,1,0,0,Atención muy buena
13000001386,20250802,1,1332,8,0,1,0,Entrega rápida y producto excelente
13000001387,20251012,1,961,0,1,0,0,Podría mejorar el empaque
13000001388,20250206,2,85,9,0,0,1,
13000001389,20250920,2,461,8,0,1,0,Atención muy buena
13000001390,20240424,2,302,4,1,0,0,Volvería a comprar
13000001391,20250610,1,1239,9,0,0,1,
13000001392,20250515,2,633,10,0,0,1,
13000001393,20240902,2,1475,9,0,0,1,Muy conforme con la calidad
13000001394,20250815,1,1377,9,0,0,1,
13000001395,20240604,1,719,3,1,0,0,Entrega rápida y producto excelente
13000001396,20241212,1,390,7,0,1,0,Muy conforme con la calidad
13000001397,20250731,1,541,3,1,0,0,Podría mejorar el empaque
13000001398,20240802,1,1181,7,0,1,0,Atención muy buena
13000001399,20250125,1,1022,7,0,1,0,Atención muy buena
13000001400,20241218,1,485,7,0,1,0,
13000001401,20240212,1,1011,7,0,1,0,Tardó un poco más de lo esperado
13000001402,20241227,1,771,6,1,0,0,Atención muy buena
13000001403,20250912,2,478,0,1,0,0,Entrega rápida y producto excelente
13000001404,20240709,2,529,5,1,0,0,Volvería a comprar
13000001405,20240429,1,73,10,0,0,1,Muy conforme con la calidad
13000001406,20250915,1,615,5,1,0,0,Atención muy buena
13000001407,20250422,2,1048,5,1,0,0,
13000001408,20240517,1,1292,3,1,0,0,Atención muy buena
13000001409,20241208,1,1429,10,0,0,1,Tardó un poco más de lo esperado
13000001410,20241101,1,1353,9,0,0,1,
13000001411,20250218,1,1322,8,0,1,0,Atención muy buena
13000001412,20240207,1,325,7,0,1,0,Muy conforme con la calidad
13000001413,20250315,1,1004,7,0,1,0,
13000001414,20250702,2,509,9,0,0,1,Tardó un poco más de lo esperado
13000001415,20241103,1,1498,8,0,1,0,Entrega rápida y producto excelente
13000001416,20250228,2,166,4,1,0,0,Tardó un poco más de lo esperado
13000001417,20250904,2,971,8,0,1,0,Podría mejorar el empaque
13000001418,20250705,2,1301,8,0,1,0,
13000001419,20251007,2,573,9,0,0,1,Muy conforme con la calidad
13000001420,20240803,2,730,7,0,1,0,Muy conforme con la calidad
13000001421,20250311,2,650,9,0,0,1,Atención muy buena
13000001422,20241007,1,873,9,0,0,1,Muy conforme con la calidad
13000001423,20251005,2,658,9,0,0,1,Podría mejorar el empaque
13000001424,20240903,2,991,1,1,0,0,Tardó un poco más de lo esperado
13000001425,20251003,2,106,3,1,0,0,
13000001426,20250908,2,270,10,0,0,1,Tardó un poco más de lo esperado
13000001427,20250316,1,833,6,1,0,0,Muy conforme con la calidad
13000001428,20240823,1,604,6,1,0,0,Tardó un poco más de lo esperado
13000001429,20240913,2,1051,7,0,1,0,Tardó un poco más de lo esperado
13000001430,20251004,2,212,10,0,0,1,Tardó un poco más de lo esperado
13000001431,20240216,1,1149,8,0,1,0,Volvería a comprar
13000001432,20240925,2,456,8,0,1,0,Atención muy buena
13000001433,20250426,2,859,7,0,1,0,Todo perfecto
13000001434,20241210,2,728,5,1,0,0,Podría mejorar el empaque
13000001435,20240714,1,1062,9,0,0,1,Volvería a comprar
13000001436,20240611,1,995,7,0,1,0,Podría mejorar el empaque
13000001437,20250504,1,1173,8,0,1,0,Tardó un poco más de lo esperado
13000001438,20240803,1,1375,4,1,0,0,Tardó un poco más de lo esperado
13000001439,20240603,2,1073,3,1,0,0,Volvería a comprar
13000001440,20250930,1,767,7,0,1,0,Tardó un poco más de lo esperado
13000001441,20250406,2,969,8,0,1,0,Volvería a comprar
13000001442,20250303,2,466,10,0,0,1,Todo perfecto
13000001443,20250307,1,658,6,1,0,0,Atención muy buena
13000001444,20241023,2,503,1,1,0,0,Tardó un poco más de lo esperado
13000001445,20250712,2,810,0,1,0,0,Entrega rápida y producto excelente
13000001446,20240427,2,1161,7,0,1,0,Volvería a comprar
13000001447,20240402,2,373,7,0,1,0,Podría mejorar el empaque
13000001448,20240402,1,467,6,1,0,0,Entrega rápida y producto excelente
13000001449,20241006,1,165,8,0,1,0,Todo perfecto
13000001450,20250629,2,1212,7,0,1,0,Atención muy buena
13000001451,20250301,1,237,5,1,0,0,Entrega rápida y producto excelente
13000001452,20240825,2,447,10,0,0,1,Volvería a comprar
13000001453,20250314,1,272,3,1,0,0,Atención muy buena
13000001454,20250109,2,690,7,0,1,0,Podría mejorar el empaque
13000001455,20240211,1,254,7,0,1,0,Todo perfecto
13000001456,20240820,2,639,8,0,1,0,Muy conforme con la calidad
13000001457,20241114,2,1257,10,0,0,1,Entrega rápida y producto excelente
13000001458,20241029,2,1322,7,0,1,0,
13000001459,20250214,2,1418,9,0,0,1,Podría mejorar el empaque
13000001460,20250908,1,1163,5,1,0,0,Todo perfecto
13000001461,20241203,1,1237,7,0,1,0,Podría mejorar el empaque
13000001462,20241124,1,1313,10,0,0,1,Tardó un poco más de lo esperado
13000001463,20240713,2,558,7,0,1,0,Entrega rápida y producto excelente
13000001464,20250407,2,806,8,0,1,0,Tardó un poco más de lo esperado
13000001465,20240605,1,362,9,0,0,1,
13000001466,20250616,1,8,7,0,1,0,
13000001467,20241122,2,54,5,1,0,0,Podría mejorar el empaque
13000001468,20240330,2,554,3,1,0,0,Todo perfecto
13000001469,20250314,1,1409,9,0,0,1,Volvería a comprar
13000001470,20241005,2,259,6,1,0,0,Atención muy buena
13000001471,20240405,1,1397,9,0,0,1,Muy conforme con la calidad
13000001472,20250522,2,1378,10,0,0,1,Entrega rápida y producto excelente
13000001473,20240924,2,1170,8,0,1,0,Entrega rápida y producto excelente
13000001474,20250829,2,224,10,0,0,1,Podría mejorar el empaque
13000001475,20241030,1,1127,7,0,1,0,
13000001476,20240603,2,1321,9,0,0,1,Todo perfecto
13000001477,20241030,2,1371,6,1,0,0,Podría mejorar el empaque
13000001478,20240716,1,726,8,0,1,0,
13000001479,20241205,2,874,4,1,0,0,Entrega rápida y producto excelente
13000001480,20241119,2,370,5,1,0,0,Volvería a comprar
13000001481,20240402,1,712,9,0,0,1,Todo perfecto
13000001482,20241217,2,1315,9,0,0,1,Podría mejorar el empaque
13000001483,20240413,2,1494,6,1,0,0,Muy conforme con la calidad
13000001484,20240430,1,578,8,0,1,0,Muy conforme con la calidad
13000001485,20250721,2,380,8,0,1,0,
13000001486,20241114,1,969,7,0,1,0,Todo perfecto
13000001487,20240723,2,233,7,0,1,0,Muy conforme con la calidad
13000001488,20240204,2,1027,7,0,1,0,Tardó un poco más de lo esperado
13000001489,20250704,1,130,10,0,0,1,Muy conforme con la calidad
13000001490,20251007,1,688,10,0,0,1,Todo perfecto
13000001491,20241029,2,415,7,0,1,0,Entrega rápida y producto excelente
13000001492,20240908,2,691,1,1,0,0,Entrega rápida y producto excelente
13000001493,20240518,1,254,9,0,0,1,Muy conforme con la calidad
13000001494,20250415,1,966,10,0,0,1,Atención muy buena
13000001495,20250916,2,516,9,0,0,1,Tardó un poco más de lo esperado
13000001496,20240304,1,40,6,1,0,0,
13000001497,20250502,2,28,9,0,0,1,
13000001498,20240212,2,464,8,0,1,0,Atención muy buena
13000001499,20241028,1,1244,10,0,0,1,Podría mejorar el empaque
13000001500,20250408,2,904,10,0,0,1,
13000001501,20250719,1,371,8,0,1,0,Entrega rápida y producto excelente
13000001502,20241214,2,385,9,0,0,1,Atención muy buena
13000001503,20250311,1,655,7,0,1,0,Atención muy buena
13000001504,20240909,2,973,10,0,0,1,Atención muy buena
13000001505,20250314,1,159,3,1,0,0,Entrega rápida y producto excelente
13000001506,20240219,2,325,9,0,0,1,Atención muy buena
13000001507,20240511,1,908,7,0,1,0,Todo perfecto
13000001508,20240512,1,1022,10,0,0,1,Muy conforme con la calidad
13000001509,20240731,2,410,10,0,0,1,Tardó un poco más de lo esperado
13000001510,20240623,2,743,8,0,1,0,Todo perfecto
13000001511,20250422,1,937,8,0,1,0,Todo perfecto
13000001512,20250321,1,1301,10,0,0,1,Tardó un poco más de lo esperado
13000001513,20241019,1,1313,5,1,0,0,Volvería a comprar
13000001514,20250610,2,1245,10,0,0,1,Volvería a comprar
13000001515,20240820,1,519,10,0,0,1,Entrega rápida y producto excelente
13000001516,20250213,1,832,0,1,0,0,Atención muy buena
13000001517,20240430,1,37,2,1,0,0,Entrega rápida y producto excelente
13000001518,20250524,2,602,10,0,0,1,
13000001519,20241226,2,621,2,1,0,0,Entrega rápida y producto excelente
13000001520,20240503,2,369,8,0,1,0,Entrega rápida y producto excelente
13000001521,20241118,2,890,7,0,1,0,
13000001522,20240917,1,334,8,0,1,0,Tardó un poco más de lo esperado
13000001523,20241216,1,347,8,0,1,0,Podría mejorar el empaque
13000001524,20240513,1,1138,10,0,0,1,Tardó un poco más de lo esperado
13000001525,20240514,1,1271,8,0,1,0,Todo perfecto
13000001526,20250916,1,509,4,1,0,0,Volvería a comprar
13000001527,20240217,1,1409,7,0,1,0,Entrega rápida y producto excelente
13000001528,20240410,2,875,6,1,0,0,Todo perfecto
13000001529,20250130,2,867,8,0,1,0,Atención muy buena
13000001530,20241124,1,111,5,1,0,0,Todo perfecto
13000001531,20250326,1,1486,8,0,1,0,Muy conforme con la calidad
13000001532,20250819,2,1084,10,0,0,1,Atención muy buena
13000001533,20250407,2,780,8,0,1,0,Podría mejorar el empaque
13000001534,20241219,1,1037,1,1,0,0,Todo perfecto
13000001535,20240221,1,592,5,1,0,0,
13000001536,20250918,1,1010,10,0,0,1,Tardó un poco más de lo esperado
13000001537,20250512,1,1292,3,1,0,0,Entrega rápida y producto excelente
13000001538,20240309,1,594,5,1,0,0,Todo perfecto
13000001539,20240405,1,1453,9,0,0,1,Atención muy buena
13000001540,20240214,1,119,10,0,0,1,Volvería a comprar
13000001541,20240830,2,488,1,1,0,0,
13000001542,20250405,2,32,3,1,0,0,Muy conforme con la calidad
13000001543,20240414,1,1340,3,1,0,0,Todo perfecto
13000001544,20241121,1,783,9,0,0,1,Todo perfecto
13000001545,20241216,2,72,8,0,1,0,Tardó un poco más de lo esperado
13000001546,20240804,2,403,2,1,0,0,Volvería a comprar
13000001547,20240116,2,890,9,0,0,1,Tardó un poco más de lo esperado
13000001548,20240919,2,992,8,0,1,0,Entrega rápida y producto excelente
13000001549,20241221,2,538,6,1,0,0,Podría mejorar el empaque
13000001550,20240417,1,262,9,0,0,1,
13000001551,20250906,2,1256,8,0,1,0,Muy conforme con la calidad
13000001552,20250327,1,704,9,0,0,1,Podría mejorar el empaque
13000001553,20250402,2,417,9,0,0,1,Volvería a comprar
13000001554,20250626,1,984,9,0,0,1,
13000001555,20250518,1,768,7,0,1,0,Podría mejorar el empaque
13000001556,20250908,1,615,9,0,0,1,
13000001557,20240809,1,995,6,1,0,0,Volvería a comprar
13000001558,20250326,2,56,6,1,0,0,
13000001559,20240809,1,1440,7,0,1,0,Tardó un poco más de lo esperado
13000001560,20250802,1,832,8,0,1,0,Todo perfecto
13000001561,20241210,2,217,10,0,0,1,Podría mejorar el empaque
13000001562,20240822,2,1323,9,0,0,1,Volvería a comprar
13000001563,20250212,1,803,8,0,1,0,Atención muy buena
13000001564,20250108,1,512,10,0,0,1,Volvería a comprar
13000001565,20240903,2,952,10,0,0,1,Volvería a comprar
13000001566,20250213,1,1433,10,0,0,1,
13000001567,20250510,2,824,9,0,0,1,Tardó un poco más de lo esperado
13000001568,20241207,1,384,7,0,1,0,Volvería a comprar
13000001569,20240910,2,1029,8,0,1,0,Volvería a comprar
13000001570,20250228,2,297,8,0,1,0,Tardó un poco más de lo esperado
13000001571,20250504,1,1101,6,1,0,0,Todo perfecto
13000001572,20240410,2,464,2,1,0,0,Tardó un poco más de lo esperado
13000001573,20241101,1,727,7,0,1,0,Atención muy buena
13000001574,20240207,1,71,8,0,1,0,Entrega rápida y producto excelente
13000001575,20240401,2,520,8,0,1,0,Tardó un poco más de lo esperado
13000001576,20250109,1,930,9,0,0,1,Podría mejorar el empaque
13000001577,20250503,1,447,8,0,1,0,Entrega rápida y producto excelente
13000001578,20241121,1,900,8,0,1,0,Tardó un poco más de lo esperado
13000001579,20250411,1,304,8,0,1,0,Atención muy buena
13000001580,20250911,2,954,8,0,1,0,Podría mejorar el empaque
13000001581,20250507,1,765,5,1,0,0,Muy conforme con la calidad
13000001582,20250902,1,731,5,1,0,0,Podría mejorar el empaque
13000001583,20250923,1,938,7,0,1,0,
13000001584,20250728,1,105,3,1,0,0,Podría mejorar el empaque
13000001585,20250825,1,1346,7,0,1,0,Atención muy buena
13000001586,20240730,2,563,5,1,0,0,Atención muy buena
13000001587,20250511,1,41,7,0,1,0,Todo perfecto
13000001588,20240408,1,947,7,0,1,0,Volvería a comprar
13000001589,20240717,2,1259,9,0,0,1,Muy conforme con la calidad
13000001590,20250102,1,110,7,0,1,0,Entrega rápida y producto excelente
13000001591,20240611,2,375,6,1,0,0,
13000001592,20250123,1,229,5,1,0,0,Atención muy buena
13000001593,20240825,1,425,8,0,1,0,Todo perfecto
13000001594,20250203,2,1452,9,0,0,1,Muy conforme con la calidad
13000001595,20250225,1,366,10,0,0,1,
13000001596,20241009,2,983,9,0,0,1,Todo perfecto
13000001597,20241010,2,1418,10,0,0,1,Entrega rápida y producto excelente
13000001598,20250130,1,943,10,0,0,1,Tardó un poco más de lo esperado
13000001599,20250707,1,1162,10,0,0,1,Podría mejorar el empaque
13000001600,20240224,2,117,10,0,0,1,Podría mejorar el empaque
13000001601,20240613,1,68,9,0,0,1,
13000001602,20250808,1,763,10,0,0,1,Volvería a comprar
13000001603,20240123,1,45,8,0,1,0,Muy conforme con la calidad
13000001604,20240515,1,930,10,0,0,1,Tardó un poco más de lo esperado
13000001605,20240318,1,743,3,1,0,0,Entrega rápida y producto excelente
13000001606,20250317,2,578,7,0,1,0,Volvería a comprar
13000001607,20250315,2,1409,8,0,1,0,Tardó un poco más de lo esperado
13000001608,20240828,2,831,9,0,0,1,Volvería a comprar
13000001609,20250404,2,862,9,0,0,1,Podría mejorar el empaque
13000001610,20240305,1,391,5,1,0,0,Entrega rápida y producto excelente
13000001611,20240619,1,1044,9,0,0,1,Tardó un poco más de lo esperado
13000001612,20241004,2,539,8,0,1,0,Todo perfecto
13000001613,20250205,2,758,8,0,1,0,Volvería a comprar
13000001614,20240407,2,616,5,1,0,0,Volvería a comprar
13000001615,20250509,1,1281,8,0,1,0,Atención muy buena
13000001616,20250710,2,1029,9,0,0,1,Todo perfecto
13000001617,20250917,1,160,10,0,0,1,Muy conforme con la calidad
13000001618,20241127,2,1004,9,0,0,1,Muy conforme con la calidad
13000001619,20241103,2,522,9,0,0,1,Atención muy buena
13000001620,20250702,1,474,8,0,1,0,Todo perfecto
13000001621,20240729,2,809,3,1,0,0,Tardó un poco más de lo esperado
13000001622,20250127,2,1000,6,1,0,0,
13000001623,20240804,1,657,10,0,0,1,Volvería a comprar
13000001624,20250328,1,1183,8,0,1,0,Todo perfecto
13000001625,20250922,2,549,9,0,0,1,Entrega rápida y producto excelente
13000001626,20240211,1,1483,10,0,0,1,Tardó un poco más de lo esperado
13000001627,20240605,1,958,8,0,1,0,Tardó un poco más de lo esperado
13000001628,20240706,2,13,10,0,0,1,Entrega rápida y producto excelente
13000001629,20250822,1,810,10,0,0,1,Tardó un poco más de lo esperado
13000001630,20240717,1,1336,5,1,0,0,Volvería a comprar
13000001631,20240411,1,672,5,1,0,0,Todo perfecto
13000001632,20240716,1,445,8,0,1,0,Podría mejorar el empaque
13000001633,20250531,2,1127,6,1,0,0,Podría mejorar el empaque
13000001634,20241007,1,604,8,0,1,0,Entrega rápida y producto excelente
13000001635,20250112,1,433,7,0,1,0,Entrega rápida y producto excelente
13000001636,20251003,1,1234,5,1,0,0,Todo perfecto
13000001637,20240615,1,70,6,1,0,0,Todo perfecto
13000001638,20250824,1,540,9,0,0,1,Todo perfecto
13000001639,20250224,1,606,6,1,0,0,Atención muy buena
13000001640,20250303,2,1351,9,0,0,1,
13000001641,20250106,1,714,10,0,0,1,Muy conforme con la calidad
13000001642,20241124,2,1011,7,0,1,0,Entrega rápida y producto excelente
13000001643,20250409,2,349,10,0,0,1,
13000001644,20240210,2,422,9,0,0,1,Todo perfecto
13000001645,20240327,2,972,8,0,1,0,Muy conforme con la calidad
13000001646,20240901,2,1008,8,0,1,0,Atención muy buena
13000001647,20241125,1,14,2,1,0,0,Muy conforme con la calidad
13000001648,20240620,1,1124,7,0,1,0,Atención muy buena
13000001649,20241117,2,976,9,0,0,1,Entrega rápida y producto excelente
13000001650,20250221,1,1434,8,0,1,0,Podría mejorar el empaque
13000001651,20240904,2,1388,7,0,1,0,Entrega rápida y producto excelente
13000001652,20250519,2,1326,9,0,0,1,Volvería a comprar
13000001653,20250814,1,1296,8,0,1,0,Todo perfecto
13000001654,20250906,1,1414,7,0,1,0,Muy conforme con la calidad
13000001655,20240312,2,751,7,0,1,0,Todo perfecto
13000001656,20241013,2,825,10,0,0,1,Entrega rápida y producto excelente
13000001657,20241225,2,1199,8,0,1,0,Entrega rápida y producto excelente
13000001658,20240921,1,955,7,0,1,0,Podría mejorar el empaque
13000001659,20240829,2,433,7,0,1,0,Volvería a comprar
13000001660,20240301,1,1431,5,1,0,0,Muy conforme con la calidad
13000001661,20251004,1,1274,6,1,0,0,Podría mejorar el empaque
13000001662,20240114,1,1323,2,1,0,0,Todo perfecto
13000001663,20240513,1,712,3,1,0,0,Todo perfecto
13000001664,20241005,1,62,10,0,0,1,Atención muy buena
13000001665,20241119,2,269,4,1,0,0,Muy conforme con la calidad
13000001666,20241011,1,1214,8,0,1,0,Todo perfecto
13000001667,20250225,2,242,4,1,0,0,
13000001668,20240630,1,118,8,0,1,0,Tardó un poco más de lo esperado
13000001669,20250215,1,375,9,0,0,1,Tardó un poco más de lo esperado
13000001670,20250302,2,597,7,0,1,0,
13000001671,20250711,1,928,8,0,1,0,Tardó un poco más de lo esperado
13000001672,20240202,2,388,9,0,0,1,Muy conforme con la calidad
13000001673,20240426,1,1141,6,1,0,0,Tardó un poco más de lo esperado
13000001674,20250413,2,1358,8,0,1,0,Entrega rápida y producto excelente
13000001675,20240226,2,882,8,0,1,0,
13000001676,20250802,1,402,7,0,1,0,Todo perfecto
13000001677,20240229,1,542,9,0,0,1,Podría mejorar el empaque
13000001678,20241129,1,901,9,0,0,1,Atención muy buena
13000001679,20240614,1,386,7,0,1,0,Todo perfecto
13000001680,20250329,2,1359,7,0,1,0,Atención muy buena
13000001681,20240617,1,371,9,0,0,1,Atención muy buena
13000001682,20240626,1,511,7,0,1,0,Podría mejorar el empaque
13000001683,20240717,1,852,9,0,0,1,Volvería a comprar
13000001684,20250804,1,668,9,0,0,1,Podría mejorar el empaque
13000001685,20250831,2,999,8,0,1,0,Entrega rápida y producto excelente
13000001686,20240920,1,380,10,0,0,1,Volvería a comprar
13000001687,20250117,2,1485,1,1,0,0,
13000001688,20240323,1,1302,8,0,1,0,
13000001689,20250420,1,1319,6,1,0,0,Podría mejorar el empaque
13000001690,20240115,1,196,7,0,1,0,Muy conforme con la calidad
13000001691,20250928,2,343,6,1,0,0,Tardó un poco más de lo esperado
13000001692,20241230,2,518,9,0,0,1,Podría mejorar el empaque
13000001693,20240318,2,414,9,0,0,1,Entrega rápida y producto excelente
13000001694,20250616,2,415,9,0,0,1,Entrega rápida y producto excelente
13000001695,20250811,1,1372,8,0,1,0,Muy conforme con la calidad
13000001696,20240316,1,995,7,0,1,0,Muy conforme con la calidad
13000001697,20250707,1,487,3,1,0,0,Volvería a comprar
13000001698,20240309,1,279,8,0,1,0,
13000001699,20240508,1,1176,8,0,1,0,Todo perfecto
13000001700,20241128,2,1166,9,0,0,1,Todo perfecto
13000001701,20241001,2,996,8,0,1,0,Muy conforme con la calidad
13000001702,20240602,1,746,5,1,0,0,Podría mejorar el empaque
13000001703,20250927,1,1048,7,0,1,0,Entrega rápida y producto excelente
13000001704,20240109,2,1042,4,1,0,0,Podría mejorar el empaque
13000001705,20250830,1,433,7,0,1,0,Tardó un poco más de lo esperado
13000001706,20250618,1,671,10,0,0,1,Todo perfecto
13000001707,20250829,1,347,10,0,0,1,Muy conforme con la calidad
13000001708,20240901,1,878,1,1,0,0,Atención muy buena
13000001709,20240129,1,1432,2,1,0,0,Todo perfecto
13000001710,20250827,2,160,8,0,1,0,Todo perfecto
13000001711,20250528,1,339,9,0,0,1,Todo perfecto
13000001712,20250425,1,119,1,1,0,0,Entrega rápida y producto excelente
13000001713,20241105,2,462,9,0,0,1,Volvería a comprar
13000001714,20250803,1,744,7,0,1,0,Tardó un poco más de lo esperado
13000001715,20240328,2,760,6,1,0,0,Volvería a comprar
13000001716,20240725,2,189,7,0,1,0,Atención muy buena
13000001717,20240426,1,720,7,0,1,0,Volvería a comprar
13000001718,20240903,2,1034,9,0,0,1,
13000001719,20250806,2,1346,3,1,0,0,Volvería a comprar
13000001720,20250902,1,1281,8,0,1,0,Podría mejorar el empaque
13000001721,20241225,1,463,4,1,0,0,Todo perfecto
13000001722,20240207,2,665,0,1,0,0,Todo perfecto
13000001723,20250318,1,42,9,0,0,1,Todo perfecto
13000001724,20241118,1,24,8,0,1,0,Podría mejorar el empaque
13000001725,20241126,1,1004,7,0,1,0,
13000001726,20240125,2,1220,9,0,0,1,Podría mejorar el empaque
13000001727,20250419,1,794,7,0,1,0,Podría mejorar el empaque
13000001728,20240219,2,184,9,0,0,1,Todo perfecto
13000001729,20240627,2,78,7,0,1,0,Atención muy buena
13000001730,20250218,1,246,8,0,1,0,Tardó un poco más de lo esperado
13000001731,20240324,1,519,5,1,0,0,Muy conforme con la calidad
13000001732,20250609,1,569,7,0,1,0,Podría mejorar el empaque
13000001733,20241020,2,721,8,0,1,0,Volvería a comprar
13000001734,20240515,2,234,10,0,0,1,Entrega rápida y producto excelente
13000001735,20240904,2,355,9,0,0,1,Volvería a comprar
13000001736,20250908,1,1477,4,1,0,0,Atención muy buena
13000001737,20250526,1,292,2,1,0,0,Muy conforme con la calidad
13000001738,20250807,2,829,5,1,0,0,
13000001739,20240409,1,637,3,1,0,0,Tardó un poco más de lo esperado
13000001740,20240322,1,481,7,0,1,0,
13000001741,20250321,2,117,10,0,0,1,Todo perfecto
13000001742,20250603,1,427,0,1,0,0,Volvería a comprar
13000001743,20250130,1,971,7,0,1,0,Volvería a comprar
13000001744,20241124,1,891,7,0,1,0,Tardó un poco más de lo esperado
13000001745,20250312,2,1400,8,0,1,0,
13000001746,20240814,1,1360,2,1,0,0,Muy conforme con la calidad
13000001747,20240610,1,1227,6,1,0,0,Atención muy buena
13000001748,20240925,1,581,2,1,0,0,Tardó un poco más de lo esperado
13000001749,20240424,2,884,8,0,1,0,Todo perfecto
13000001750,20250906,2,609,8,0,1,0,Tardó un poco más de lo esperado
13000001751,20250409,2,500,6,1,0,0,Todo perfecto
13000001752,20241010,2,325,10,0,0,1,
13000001753,20240313,1,848,10,0,0,1,Podría mejorar el empaque
13000001754,20241009,1,1116,8,0,1,0,Atención muy buena
13000001755,20250916,2,1251,8,0,1,0,Volvería a comprar
13000001756,20241119,2,1439,2,1,0,0,Entrega rápida y producto excelente
13000001757,20240911,2,900,7,0,1,0,Tardó un poco más de lo esperado
13000001758,20240903,1,434,10,0,0,1,Podría mejorar el empaque
13000001759,20250730,2,134,10,0,0,1,Entrega rápida y producto excelente
13000001760,20251007,2,131,9,0,0,1,Tardó un poco más de lo esperado
13000001761,20250304,2,547,6,1,0,0,Volvería a comprar
13000001762,20240831,1,946,3,1,0,0,Tardó un poco más de lo esperado
13000001763,20250110,1,1267,10,0,0,1,Tardó un poco más de lo esperado
13000001764,20240408,2,331,10,0,0,1,Volvería a comprar
13000001765,20250723,1,44,3,1,0,0,Atención muy buena
13000001766,20240402,2,1194,9,0,0,1,Muy conforme con la calidad
13000001767,20250609,1,734,6,1,0,0,Volvería a comprar
13000001768,20240829,2,543,9,0,0,1,Muy conforme con la calidad
13000001769,20250324,1,140,8,0,1,0,Entrega rápida y producto excelente
13000001770,20241001,2,474,6,1,0,0,Podría mejorar el empaque
13000001771,20240119,1,1038,9,0,0,1,Podría mejorar el empaque
13000001772,20240614,2,925,3,1,0,0,
13000001773,20240402,2,301,1,1,0,0,Atención muy buena
13000001774,20241214,2,750,10,0,0,1,Todo perfecto
13000001775,20240705,1,828,10,0,0,1,Podría mejorar el empaque
13000001776,20241009,1,1174,6,1,0,0,Podría mejorar el empaque
13000001777,20240529,2,882,10,0,0,1,Volvería a comprar
13000001778,20241217,1,1440,7,0,1,0,Atención muy buena
13000001779,20240909,1,422,6,1,0,0,Volvería a comprar
13000001780,20240518,1,505,10,0,0,1,Entrega rápida y producto excelente
13000001781,20240407,2,105,4,1,0,0,Volvería a comprar
13000001782,20240507,1,524,4,1,0,0,Tardó un poco más de lo esperado
13000001783,20241120,2,220,0,1,0,0,Entrega rápida y producto excelente
13000001784,20250124,1,737,9,0,0,1,Atención muy buena
13000001785,20240428,1,68,8,0,1,0,Volvería a comprar
13000001786,20241123,1,975,4,1,0,0,Muy conforme con la calidad
13000001787,20250108,2,12,5,1,0,0,Tardó un poco más de lo esperado
13000001788,20240507,2,1284,9,0,0,1,Muy conforme con la calidad
13000001789,20240707,1,326,9,0,0,1,Muy conforme con la calidad
13000001790,20250217,2,1098,9,0,0,1,Atención muy buena
13000001791,20240814,2,727,8,0,1,0,Atención muy buena
13000001792,20240414,2,521,3,1,0,0,Volvería a comprar
13000001793,20240923,2,5,6,1,0,0,Volvería a comprar
13000001794,20241101,1,1079,9,0,0,1,Tardó un poco más de lo esperado
13000001795,20250702,1,971,1,1,0,0,Tardó un poco más de lo esperado
13000001796,20250611,2,841,8,0,1,0,Atención muy buena
13000001797,20240613,2,1327,6,1,0,0,Todo perfecto
13000001798,20250301,1,435,8,0,1,0,Volvería a comprar
13000001799,20240416,2,376,8,0,1,0,Entrega rápida y producto excelente
13000001800,20240328,1,88,6,1,0,0,
13000001801,20250425,2,299,6,1,0,0,Todo perfecto
13000001802,20240606,2,687,10,0,0,1,Todo perfecto
13000001803,20250908,2,476,4,1,0,0,Atención muy buena
13000001804,20240806,1,1013,3,1,0,0,
13000001805,20250802,1,578,8,0,1,0,Tardó un poco más de lo esperado
13000001806,20250408,1,32,8,0,1,0,
13000001807,20241115,2,213,3,1,0,0,Volvería a comprar
13000001808,20250331,2,766,6,1,0,0,Entrega rápida y producto excelente
13000001809,20250920,1,509,8,0,1,0,Podría mejorar el empaque
13000001810,20240906,2,725,2,1,0,0,
13000001811,20241220,2,3,10,0,0,1,Atención muy buena
13000001812,20241123,2,1003,8,0,1,0,Todo perfecto
13000001813,20240924,1,825,3,1,0,0,Todo perfecto
13000001814,20250825,1,458,6,1,0,0,Tardó un poco más de lo esperado
13000001815,20250821,1,1342,8,0,1,0,
13000001816,20240729,2,1391,4,1,0,0,Tardó un poco más de lo esperado
13000001817,20250527,2,1246,8,0,1,0,Tardó un poco más de lo esperado
13000001818,20250702,1,719,3,1,0,0,Podría mejorar el empaque
13000001819,20250121,1,209,8,0,1,0,Atención muy buena
13000001820,20250401,2,71,8,0,1,0,Podría mejorar el empaque
13000001821,20240914,2,156,9,0,0,1,Todo perfecto
13000001822,20240324,1,1148,9,0,0,1,Podría mejorar el empaque
13000001823,20240122,2,1184,7,0,1,0,Podría mejorar el empaque
13000001824,20240214,1,1116,7,0,1,0,Muy conforme con la calidad
13000001825,20250410,2,623,6,1,0,0,Entrega rápida y producto excelente
13000001826,20250131,1,1330,9,0,0,1,Entrega rápida y producto excelente
13000001827,20240208,1,370,4,1,0,0,Volvería a comprar
13000001828,20240324,1,566,7,0,1,0,Volvería a comprar
13000001829,20240323,2,93,10,0,0,1,Entrega rápida y producto excelente
13000001830,20250120,1,814,1,1,0,0,Muy conforme con la calidad
13000001831,20251007,1,247,9,0,0,1,Todo perfecto
13000001832,20250527,2,1286,1,1,0,0,Atención muy buena
13000001833,20240726,2,1290,9,0,0,1,Entrega rápida y producto excelente
13000001834,20240922,2,1222,8,0,1,0,Muy conforme con la calidad
13000001835,20241001,2,736,10,0,0,1,Tardó un poco más de lo esperado
13000001836,20250409,1,1135,8,0,1,0,Entrega rápida y producto excelente
13000001837,20250225,2,3,10,0,0,1,Muy conforme con la calidad
13000001838,20241028,1,997,9,0,0,1,Tardó un poco más de lo esperado
13000001839,20240511,1,957,6,1,0,0,
13000001840,20250406,2,1455,1,1,0,0,Atención muy buena
13000001841,20250126,1,918,9,0,0,1,Entrega rápida y producto excelente
13000001842,20240516,1,69,10,0,0,1,Podría mejorar el empaque
13000001843,20250610,1,663,6,1,0,0,Podría mejorar el empaque
13000001844,20250302,1,209,3,1,0,0,
13000001845,20250803,2,71,9,0,0,1,
13000001846,20240428,1,758,3,1,0,0,Volvería a comprar
13000001847,20241111,2,549,2,1,0,0,Entrega rápida y producto excelente
13000001848,20250525,1,1099,5,1,0,0,Atención muy buena
13000001849,20240222,2,26,9,0,0,1,Muy conforme con la calidad
13000001850,20240417,2,1176,9,0,0,1,Tardó un poco más de lo esperado
13000001851,20240921,1,436,7,0,1,0,Muy conforme con la calidad
13000001852,20240304,1,562,7,0,1,0,Volvería a comprar
13000001853,20240826,2,487,8,0,1,0,Entrega rápida y producto excelente
13000001854,20241013,1,1253,8,0,1,0,
13000001855,20250730,1,1466,9,0,0,1,Entrega rápida y producto excelente
13000001856,20250630,2,348,2,1,0,0,
13000001857,20250420,1,472,8,0,1,0,Volvería a comprar
13000001858,20250426,1,900,10,0,0,1,Todo perfecto
13000001859,20250327,1,296,8,0,1,0,Entrega rápida y producto excelente
13000001860,20250323,2,514,8,0,1,0,Volvería a comprar
13000001861,20250516,2,672,8,0,1,0,Muy conforme con la calidad
13000001862,20240504,2,564,8,0,1,0,
13000001863,20240321,2,541,5,1,0,0,Muy conforme con la calidad
13000001864,20250214,1,194,5,1,0,0,Podría mejorar el empaque
13000001865,20241117,1,169,8,0,1,0,
13000001866,20250909,2,793,6,1,0,0,Tardó un poco más de lo esperado
13000001867,20250623,2,189,8,0,1,0,Todo perfecto
13000001868,20241215,2,1371,8,0,1,0,Tardó un poco más de lo esperado
13000001869,20250521,2,863,5,1,0,0,Entrega rápida y producto excelente
13000001870,20241006,1,250,8,0,1,0,Podría mejorar el empaque
13000001871,20240702,2,296,8,0,1,0,Podría mejorar el empaque
13000001872,20240124,2,548,9,0,0,1,Todo perfecto
13000001873,20240701,1,1224,9,0,0,1,Muy conforme con la calidad
13000001874,20241008,1,1051,6,1,0,0,Podría mejorar el empaque
13000001875,20250119,2,706,9,0,0,1,Atención muy buena
13000001876,20240328,1,205,8,0,1,0,Todo perfecto
13000001877,20240803,1,384,10,0,0,1,Podría mejorar el empaque
13000001878,20240317,2,426,10,0,0,1,Entrega rápida y producto excelente
13000001879,20241113,2,144,5,1,0,0,Todo perfecto
13000001880,20240513,1,324,9,0,0,1,Todo perfecto
13000001881,20241104,1,417,9,0,0,1,Volvería a comprar
13000001882,20240927,1,15,9,0,0,1,Tardó un poco más de lo esperado
13000001883,20241106,1,577,2,1,0,0,Todo perfecto
13000001884,20240531,2,172,6,1,0,0,Volvería a comprar
13000001885,20250409,2,1414,10,0,0,1,Atención muy buena
13000001886,20250309,1,570,1,1,0,0,
13000001887,20250612,1,327,7,0,1,0,Atención muy buena
13000001888,20240518,1,1287,7,0,1,0,Todo perfecto
13000001889,20251007,1,446,3,1,0,0,Podría mejorar el empaque
13000001890,20240325,1,1270,9,0,0,1,
13000001891,20250605,1,1294,4,1,0,0,Volvería a comprar
13000001892,20250125,2,233,10,0,0,1,Podría mejorar el empaque
13000001893,20250605,1,793,6,1,0,0,Entrega rápida y producto excelente
13000001894,20240218,1,949,2,1,0,0,Atención muy buena
13000001895,20250304,2,1469,7,0,1,0,Atención muy buena
13000001896,20250702,2,176,1,1,0,0,Entrega rápida y producto excelente
13000001897,20250802,2,1393,0,1,0,0,Podría mejorar el empaque
13000001898,20250318,2,831,5,1,0,0,Atención muy buena
13000001899,20241014,1,245,7,0,1,0,Entrega rápida y producto excelente
13000001900,20250103,2,293,7,0,1,0,Podría mejorar el empaque
13000001901,20250715,1,779,3,1,0,0,Volvería a comprar
13000001902,20250814,1,30,8,0,1,0,Podría mejorar el empaque
13000001903,20240911,1,253,8,0,1,0,Tardó un poco más de lo esperado
13000001904,20240510,1,1065,9,0,0,1,Muy conforme con la calidad
13000001905,20250831,1,124,9,0,0,1,Atención muy buena
13000001906,20240521,1,1026,9,0,0,1,Tardó un poco más de lo esperado
13000001907,20250729,1,1238,5,1,0,0,
13000001908,20250501,2,59,10,0,0,1,Podría mejorar el empaque
13000001909,20241226,2,204,10,0,0,1,Volvería a comprar
13000001910,20240328,1,775,8,0,1,0,Podría mejorar el empaque
13000001911,20240921,1,584,0,1,0,0,Tardó un poco más de lo esperado
13000001912,20241004,2,1202,9,0,0,1,Podría mejorar el empaque
13000001913,20240727,1,1333,6,1,0,0,Todo perfecto
13000001914,20240520,2,6,6,1,0,0,Atención muy buena
13000001915,20240419,1,1315,10,0,0,1,Entrega rápida y producto excelente
13000001916,20250527,1,733,10,0,0,1,Atención muy buena
13000001917,20250131,1,1002,7,0,1,0,Muy conforme con la calidad
13000001918,20250906,2,498,6,1,0,0,Volvería a comprar
13000001919,20250406,1,979,8,0,1,0,Volvería a comprar
13000001920,20240703,1,880,5,1,0,0,Muy conforme con la calidad
13000001921,20250109,2,459,10,0,0,1,Atención muy buena
13000001922,20250108,2,956,6,1,0,0,
13000001923,20240704,1,685,10,0,0,1,Tardó un poco más de lo esperado
13000001924,20240722,2,489,10,0,0,1,Atención muy buena
13000001925,20250705,1,798,10,0,0,1,Entrega rápida y producto excelente
13000001926,20250610,2,757,8,0,1,0,Entrega rápida y producto excelente
13000001927,20240221,1,930,4,1,0,0,Tardó un poco más de lo esperado
13000001928,20241102,1,725,7,0,1,0,Podría mejorar el empaque
13000001929,20250831,1,173,2,1,0,0,Entrega rápida y producto excelente
13000001930,20240717,1,1265,10,0,0,1,Entrega rápida y producto excelente
13000001931,20240621,1,724,8,0,1,0,Volvería a comprar
13000001932,20250420,2,302,10,0,0,1,Entrega rápida y producto excelente
13000001933,20250515,2,817,7,0,1,0,Todo perfecto
13000001934,20250526,1,425,5,1,0,0,Atención muy buena
13000001935,20240221,1,1039,10,0,0,1,Tardó un poco más de lo esperado
13000001936,20250521,1,1278,1,1,0,0,Todo perfecto
13000001937,20250216,1,1151,6,1,0,0,Entrega rápida y producto excelente
13000001938,20241115,1,181,9,0,0,1,Entrega rápida y producto excelente
13000001939,20241104,1,690,10,0,0,1,Atención muy buena
13000001940,20240119,2,1120,6,1,0,0,Atención muy buena
13000001941,20250117,2,423,6,1,0,0,Volvería a comprar
13000001942,20241006,2,1109,10,0,0,1,Todo perfecto
13000001943,20240415,2,224,8,0,1,0,Todo perfecto
13000001944,20240329,2,1457,10,0,0,1,Volvería a comprar
13000001945,20240405,2,22,4,1,0,0,Podría mejorar el empaque
13000001946,20250129,2,743,9,0,0,1,Podría mejorar el empaque
13000001947,20241103,1,1123,10,0,0,1,Atención muy buena
13000001948,20250917,1,1065,9,0,0,1,
13000001949,20240313,1,1278,6,1,0,0,
13000001950,20240620,2,779,0,1,0,0,Entrega rápida y producto excelente
13000001951,20250424,1,498,9,0,0,1,Atención muy buena
13000001952,20250716,2,171,5,1,0,0,Muy conforme con la calidad
13000001953,20240608,1,1483,10,0,0,1,Volvería a comprar
13000001954,20240504,1,1355,6,1,0,0,Todo perfecto
13000001955,20250814,1,1018,8,0,1,0,Podría mejorar el empaque
13000001956,20240623,2,1449,7,0,1,0,Muy conforme con la calidad
13000001957,20250502,2,818,6,1,0,0,Atención muy buena
13000001958,20240410,1,701,9,0,0,1,Atención muy buena
13000001959,20240623,2,584,9,0,0,1,
13000001960,20250502,1,1193,2,1,0,0,Atención muy buena
13000001961,20250323,1,266,10,0,0,1,Volvería a comprar
13000001962,20241219,1,19,7,0,1,0,
13000001963,20250901,2,1437,8,0,1,0,Podría mejorar el empaque
13000001964,20240123,2,814,9,0,0,1,Volvería a comprar
13000001965,20240614,1,657,7,0,1,0,Volvería a comprar
13000001966,20240209,2,1215,9,0,0,1,Entrega rápida y producto excelente
13000001967,20240806,2,1281,2,1,0,0,Tardó un poco más de lo esperado
13000001968,20250630,1,590,1,1,0,0,Muy conforme con la calidad
13000001969,20250902,2,884,7,0,1,0,Volvería a comprar
13000001970,20250305,1,403,7,0,1,0,Volvería a comprar
13000001971,20250310,2,894,10,0,0,1,Atención muy buena
13000001972,20240517,2,615,7,0,1,0,Muy conforme con la calidad
13000001973,20241210,1,1133,3,1,0,0,
13000001974,20250918,2,1358,3,1,0,0,Entrega rápida y producto excelente
13000001975,20241219,2,934,2,1,0,0,Entrega rápida y producto excelente
13000001976,20250611,2,252,7,0,1,0,Tardó un poco más de lo esperado
13000001977,20250723,1,1320,8,0,1,0,Todo perfecto
13000001978,20241205,1,680,8,0,1,0,
13000001979,20240415,2,41,0,1,0,0,Volvería a comprar
13000001980,20240828,1,28,0,1,0,0,Tardó un poco más de lo esperado
13000001981,20240914,1,1186,3,1,0,0,Entrega rápida y producto excelente
13000001982,20250516,2,378,8,0,1,0,Entrega rápida y producto excelente
13000001983,20250103,2,1342,9,0,0,1,Todo perfecto
13000001984,20250915,1,1311,10,0,0,1,
13000001985,20240504,1,805,9,0,0,1,
13000001986,20250928,1,801,9,0,0,1,Volvería a comprar
13000001987,20240813,2,422,10,0,0,1,
13000001988,20240408,1,875,0,1,0,0,Tardó un poco más de lo esperado
13000001989,20250825,2,1387,8,0,1,0,Podría mejorar el empaque
13000001990,20241002,1,353,8,0,1,0,Podría mejorar el empaque
13000001991,20250724,2,1014,7,0,1,0,Muy conforme con la calidad
13000001992,20240212,1,781,4,1,0,0,Todo perfecto
13000001993,20250130,1,1134,9,0,0,1,Volvería a comprar
13000001994,20241128,1,1467,5,1,0,0,Volvería a comprar
13000001995,20250202,1,928,8,0,1,0,Atención muy buena
13000001996,20241010,1,1455,8,0,1,0,Podría mejorar el empaque
13000001997,20250203,2,895,8,0,1,0,Volvería a comprar
13000001998,20241209,2,1200,8,0,1,0,Podría mejorar el empaque
13000001999,20250412,1,150,0,1,0,0,
13000002000,20250206,2,1053,5,1,0,0,
13000002001,20240818,1,1475,4,1,0,0,Todo perfecto
13000002002,20250417,1,761,8,0,1,0,Atención muy buena
13000002003,20241218,1,1224,10,0,0,1,Podría mejorar el empaque
13000002004,20241102,1,1446,8,0,1,0,Podría mejorar el empaque
13000002005,20241016,1,1168,7,0,1,0,
13000002006,20250106,1,926,9,0,0,1,
13000002007,20240817,1,1474,3,1,0,0,Entrega rápida y producto excelente
13000002008,20240613,1,24,5,1,0,0,Muy conforme con la calidad
13000002009,20241027,2,431,8,0,1,0,Volvería a comprar
13000002010,20241011,1,662,9,0,0,1,Todo perfecto
13000002011,20240408,2,1374,6,1,0,0,
13000002012,20240809,1,552,8,0,1,0,Muy conforme con la calidad
13000002013,20250710,2,1302,8,0,1,0,Muy conforme con la calidad
13000002014,20250624,1,555,7,0,1,0,Volvería a comprar
13000002015,20241107,2,1289,7,0,1,0,Tardó un poco más de lo esperado
13000002016,20250815,2,851,8,0,1,0,Volvería a comprar
13000002017,20250925,1,1418,9,0,0,1,Volvería a comprar
13000002018,20250519,1,935,10,0,0,1,Atención muy buena
13000002019,20250320,2,834,7,0,1,0,Tardó un poco más de lo esperado
13000002020,20250124,1,663,9,0,0,1,Muy conforme con la calidad
13000002021,20250114,2,245,7,0,1,0,Muy conforme con la calidad
13000002022,20241122,2,391,4,1,0,0,Entrega rápida y producto excelente
13000002023,20240822,2,1111,10,0,0,1,Tardó un poco más de lo esperado
13000002024,20250403,1,1384,9,0,0,1,Atención muy buena
13000002025,20240130,2,727,8,0,1,0,Podría mejorar el empaque
13000002026,20250602,1,735,9,0,0,1,Podría mejorar el empaque
13000002027,20240928,1,1233,10,0,0,1,Muy conforme con la calidad
13000002028,20250726,1,238,7,0,1,0,Muy conforme con la calidad
13000002029,20240110,2,308,8,0,1,0,Tardó un poco más de lo esperado
13000002030,20241102,2,1145,10,0,0,1,Muy conforme con la calidad
13000002031,20240306,1,1359,8,0,1,0,Entrega rápida y producto excelente
13000002032,20250425,1,1440,9,0,0,1,Entrega rápida y producto excelente
13000002033,20240818,1,1347,8,0,1,0,
13000002034,20250613,2,1048,7,0,1,0,Entrega rápida y producto excelente
13000002035,20250716,1,475,9,0,0,1,Muy conforme con la calidad
13000002036,20250107,2,208,6,1,0,0,Atención muy buena
13000002037,20250929,1,1477,4,1,0,0,Podría mejorar el empaque
13000002038,20250512,1,1029,9,0,0,1,Tardó un poco más de lo esperado
13000002039,20241020,2,33,7,0,1,0,Volvería a comprar
13000002040,20250923,1,902,3,1,0,0,Atención muy buena
13000002041,20241129,1,1032,9,0,0,1,Podría mejorar el empaque
13000002042,20250127,1,915,6,1,0,0,Atención muy buena
13000002043,20250925,1,987,7,0,1,0,Todo perfecto
13000002044,20240322,1,675,9,0,0,1,
13000002045,20250620,2,335,8,0,1,0,Entrega rápida y producto excelente
13000002046,20240527,1,332,8,0,1,0,Todo perfecto
13000002047,20250426,2,1465,5,1,0,0,Todo perfecto
13000002048,20241225,1,814,9,0,0,1,Volvería a comprar
13000002049,20241015,1,586,10,0,0,1,Todo perfecto
13000002050,20241003,1,1012,8,0,1,0,Todo perfecto
13000002051,20240417,2,1383,9,0,0,1,Muy conforme con la calidad
13000002052,20240417,1,951,8,0,1,0,Podría mejorar el empaque
13000002053,20250221,1,448,5,1,0,0,Atención muy buena
13000002054,20241101,1,123,9,0,0,1,Todo perfecto
13000002055,20240319,1,1044,6,1,0,0,Entrega rápida y producto excelente
13000002056,20250109,2,264,2,1,0,0,Podría mejorar el empaque
13000002057,20241030,1,205,7,0,1,0,Todo perfecto
13000002058,20240803,1,1297,10,0,0,1,Tardó un poco más de lo esperado
13000002059,20240125,1,125,8,0,1,0,Volvería a comprar
13000002060,20241209,1,352,10,0,0,1,Atención muy buena
13000002061,20250829,2,1360,2,1,0,0,Volvería a comprar
13000002062,20241113,1,455,9,0,0,1,Entrega rápida y producto excelente
13000002063,20240815,2,1430,7,0,1,0,
13000002064,20240331,2,289,10,0,0,1,Muy conforme con la calidad
13000002065,20250511,1,221,8,0,1,0,Entrega rápida y producto excelente
13000002066,20250504,1,465,7,0,1,0,Muy conforme con la calidad
13000002067,20240421,2,601,9,0,0,1,Entrega rápida y producto excelente
13000002068,20250403,1,757,7,0,1,0,Todo perfecto
13000002069,20240326,1,1448,9,0,0,1,Atención muy buena
13000002070,20240817,1,447,9,0,0,1,Muy conforme con la calidad
13000002071,20240511,1,281,9,0,0,1,Volvería a comprar
13000002072,20241019,2,179,7,0,1,0,Tardó un poco más de lo esperado
13000002073,20250920,1,152,0,1,0,0,Muy conforme con la calidad
13000002074,20250405,2,1272,6,1,0,0,Muy conforme con la calidad
13000002075,20250508,1,299,7,0,1,0,Volvería a comprar
13000002076,20241112,1,707,9,0,0,1,Todo perfecto
13000002077,20240407,1,685,4,1,0,0,
13000002078,20240623,2,45,8,0,1,0,Muy conforme con la calidad
13000002079,20240717,2,279,7,0,1,0,Muy conforme con la calidad
13000002080,20241101,2,1128,6,1,0,0,Podría mejorar el empaque
13000002081,20240814,1,596,2,1,0,0,
13000002082,20240603,2,1256,10,0,0,1,Podría mejorar el empaque
13000002083,20241115,1,88,10,0,0,1,Atención muy buena
13000002084,20240817,2,1147,10,0,0,1,
13000002085,20250418,2,715,8,0,1,0,Todo perfecto
13000002086,20250728,1,658,10,0,0,1,Podría mejorar el empaque
13000002087,20241216,1,902,10,0,0,1,Volvería a comprar
13000002088,20240717,1,274,6,1,0,0,Volvería a comprar
13000002089,20250425,2,775,10,0,0,1,Entrega rápida y producto excelente
13000002090,20241019,1,373,10,0,0,1,Todo perfecto
13000002091,20250901,1,939,10,0,0,1,Atención muy buena
13000002092,20241109,2,652,9,0,0,1,Atención muy buena
13000002093,20250522,1,1224,8,0,1,0,Podría mejorar el empaque
13000002094,20250327,1,714,7,0,1,0,Muy conforme con la calidad
13000002095,20250830,2,946,10,0,0,1,Podría mejorar el empaque
13000002096,20240514,1,1110,8,0,1,0,Volvería a comprar
13000002097,20240514,1,749,7,0,1,0,Todo perfecto
13000002098,20241016,2,1402,2,1,0,0,Podría mejorar el empaque
13000002099,20240610,1,284,9,0,0,1,Tardó un poco más de lo esperado
13000002100,20241022,1,679,8,0,1,0,Podría mejorar el empaque
13000002101,20240506,2,648,8,0,1,0,Podría mejorar el empaque
13000002102,20241230,2,1297,8,0,1,0,Tardó un poco más de lo esperado
13000002103,20240727,1,731,8,0,1,0,Tardó un poco más de lo esperado
13000002104,20251004,2,292,9,0,0,1,Volvería a comprar
13000002105,20250424,1,1252,5,1,0,0,Atención muy buena
13000002106,20240213,1,1340,8,0,1,0,
13000002107,20250831,2,1129,7,0,1,0,
13000002108,20250222,1,446,10,0,0,1,
13000002109,20240921,1,1111,6,1,0,0,Muy conforme con la calidad
13000002110,20241215,1,692,8,0,1,0,
13000002111,20251010,1,1456,8,0,1,0,Tardó un poco más de lo esperado
13000002112,20250603,1,1430,8,0,1,0,Entrega rápida y producto excelente
13000002113,20241208,2,1347,9,0,0,1,Atención muy buena
13000002114,20250223,1,333,10,0,0,1,
13000002115,20240201,1,1454,6,1,0,0,Atención muy buena
13000002116,20240919,1,505,7,0,1,0,Todo perfecto
13000002117,20250531,2,926,8,0,1,0,Muy conforme con la calidad
13000002118,20250613,1,1067,8,0,1,0,Volvería a comprar
13000002119,20240419,1,590,6,1,0,0,Muy conforme con la calidad
13000002120,20240612,2,4,0,1,0,0,
13000002121,20250921,2,250,6,1,0,0,
13000002122,20240216,1,724,9,0,0,1,Entrega rápida y producto excelente
13000002123,20250317,2,965,7,0,1,0,Tardó un poco más de lo esperado
13000002124,20250325,1,110,10,0,0,1,Entrega rápida y producto excelente
13000002125,20250614,1,294,8,0,1,0,Entrega rápida y producto excelente
13000002126,20241103,2,1378,8,0,1,0,Podría mejorar el empaque
13000002127,20241202,1,757,8,0,1,0,Entrega rápida y producto excelente
13000002128,20240203,2,979,8,0,1,0,Volvería a comprar
13000002129,20240802,1,1034,8,0,1,0,Volvería a comprar
13000002130,20241108,1,1453,2,1,0,0,Entrega rápida y producto excelente
13000002131,20240713,2,165,5,1,0,0,Podría mejorar el empaque
13000002132,20240515,2,1296,3,1,0,0,Entrega rápida y producto excelente
13000002133,20251004,2,27,8,0,1,0,Todo perfecto
13000002134,20240406,2,540,5,1,0,0,Tardó un poco más de lo esperado
13000002135,20241122,1,615,6,1,0,0,Atención muy buena
13000002136,20240608,2,758,4,1,0,0,Volvería a comprar
13000002137,20240630,1,554,1,1,0,0,Muy conforme con la calidad
13000002138,20250816,1,537,4,1,0,0,Entrega rápida y producto excelente
13000002139,20240929,1,1170,9,0,0,1,Podría mejorar el empaque
13000002140,20250828,1,1130,7,0,1,0,Volvería a comprar
13000002141,20250304,2,711,10,0,0,1,Podría mejorar el empaque
13000002142,20250125,2,889,2,1,0,0,
13000002143,20241129,1,618,6,1,0,0,
13000002144,20250429,1,1236,9,0,0,1,Tardó un poco más de lo esperado
13000002145,20250604,1,552,9,0,0,1,Atención muy buena
13000002146,20240807,1,180,9,0,0,1,Muy conforme con la calidad
13000002147,20250803,1,619,6,1,0,0,Tardó un poco más de lo esperado
13000002148,20240628,2,627,9,0,0,1,Muy conforme con la calidad
13000002149,20240216,1,711,7,0,1,0,Tardó un poco más de lo esperado
13000002150,20240821,1,457,8,0,1,0,Entrega rápida y producto excelente
13000002151,20250616,1,679,10,0,0,1,Tardó un poco más de lo esperado
13000002152,20240910,1,1485,8,0,1,0,Podría mejorar el empaque
13000002153,20250915,1,642,4,1,0,0,Muy conforme con la calidad
13000002154,20241128,1,809,4,1,0,0,Todo perfecto
13000002155,20241222,2,809,2,1,0,0,Podría mejorar el empaque
13000002156,20250826,1,1326,8,0,1,0,Podría mejorar el empaque
13000002157,20251002,1,1322,5,1,0,0,Entrega rápida y producto excelente
13000002158,20240223,2,39,9,0,0,1,Entrega rápida y producto excelente
13000002159,20250323,1,393,8,0,1,0,Todo perfecto
13000002160,20240505,1,616,2,1,0,0,Entrega rápida y producto excelente
13000002161,20240302,2,1149,9,0,0,1,Podría mejorar el empaque
13000002162,20250608,2,193,10,0,0,1,Muy conforme con la calidad
13000002163,20241125,2,634,3,1,0,0,Volvería a comprar
13000002164,20240616,2,34,3,1,0,0,Todo perfecto
13000002165,20250222,1,468,10,0,0,1,Podría mejorar el empaque
13000002166,20250923,1,441,10,0,0,1,Todo perfecto
13000002167,20250220,2,77,7,0,1,0,Todo perfecto
13000002168,20250126,1,580,10,0,0,1,
13000002169,20250307,1,512,9,0,0,1,Volvería a comprar
13000002170,20250406,2,773,7,0,1,0,Podría mejorar el empaque
13000002171,20240418,1,215,7,0,1,0,Atención muy buena
13000002172,20240528,2,1150,5,1,0,0,Podría mejorar el empaque
13000002173,20250907,2,781,7,0,1,0,Muy conforme con la calidad
13000002174,20250228,2,6,7,0,1,0,Atención muy buena
13000002175,20250506,1,956,6,1,0,0,Atención muy buena
13000002176,20241021,1,665,8,0,1,0,Todo perfecto
13000002177,20250521,1,680,7,0,1,0,
13000002178,20240909,2,1311,1,1,0,0,Podría mejorar el empaque
13000002179,20250607,1,644,8,0,1,0,Podría mejorar el empaque
13000002180,20240715,1,1149,8,0,1,0,Entrega rápida y producto excelente
13000002181,20250511,2,945,4,1,0,0,
13000002182,20241217,1,506,10,0,0,1,Entrega rápida y producto excelente
13000002183,20240207,1,1374,7,0,1,0,Podría mejorar el empaque
13000002184,20240425,1,216,10,0,0,1,
13000002185,20240122,1,520,8,0,1,0,
13000002186,20240728,2,328,10,0,0,1,Tardó un poco más de lo esperado
13000002187,20250327,1,1110,7,0,1,0,Todo perfecto
13000002188,20240325,1,704,3,1,0,0,Entrega rápida y producto excelente
13000002189,20250106,1,326,10,0,0,1,Entrega rápida y producto excelente
13000002190,20250317,2,971,10,0,0,1,Podría mejorar el empaque
13000002191,20250423,1,991,8,0,1,0,Muy conforme con la calidad
13000002192,20250105,1,975,7,0,1,0,Tardó un poco más de lo esperado
13000002193,20250323,1,677,6,1,0,0,Atención muy buena
13000002194,20250227,2,527,8,0,1,0,Muy conforme con la calidad
13000002195,20250427,1,1054,10,0,0,1,Entrega rápida y producto excelente
13000002196,20240413,1,1336,10,0,0,1,Atención muy buena
13000002197,20250920,1,889,7,0,1,0,
13000002198,20250215,1,256,7,0,1,0,
13000002199,20240908,1,242,8,0,1,0,Podría mejorar el empaque
13000002200,20240624,1,244,10,0,0,1,
13000002201,20240321,1,706,10,0,0,1,Tardó un poco más de lo esperado
13000002202,20240706,1,1169,8,0,1,0,Atención muy buena
13000002203,20250122,2,618,6,1,0,0,
13000002204,20240814,1,1404,9,0,0,1,Todo perfecto
13000002205,20250109,2,1462,1,1,0,0,Muy conforme con la calidad
13000002206,20241009,1,525,10,0,0,1,Tardó un poco más de lo esperado
13000002207,20240114,1,574,4,1,0,0,Podría mejorar el empaque
13000002208,20250422,1,681,0,1,0,0,Atención muy buena
13000002209,20240426,1,748,3,1,0,0,Todo perfecto
13000002210,20240422,1,1266,5,1,0,0,Muy conforme con la calidad
13000002211,20250908,1,293,9,0,0,1,Todo perfecto
13000002212,20251002,2,555,5,1,0,0,Entrega rápida y producto excelente
13000002213,20240123,1,560,10,0,0,1,Tardó un poco más de lo esperado
13000002214,20241114,2,1021,10,0,0,1,Muy conforme con la calidad
13000002215,20250203,1,201,9,0,0,1,Atención muy buena
13000002216,20250718,1,1458,3,1,0,0,Entrega rápida y producto excelente
13000002217,20250208,1,528,1,1,0,0,Entrega rápida y producto excelente
13000002218,20240623,1,919,9,0,0,1,Tardó un poco más de lo esperado
13000002219,20250907,1,445,2,1,0,0,Atención muy buena
13000002220,20250211,2,1368,8,0,1,0,Atención muy buena
13000002221,20240612,1,529,8,0,1,0,Atención muy buena
13000002222,20240904,2,1186,10,0,0,1,Todo perfecto
13000002223,20241013,2,164,7,0,1,0,Todo perfecto
13000002224,20250405,1,204,5,1,0,0,Volvería a comprar
13000002225,20250624,2,164,8,0,1,0,Podría mejorar el empaque
13000002226,20240226,2,253,10,0,0,1,Entrega rápida y producto excelente
13000002227,20250702,2,1155,9,0,0,1,Entrega rápida y producto excelente
13000002228,20250721,1,193,5,1,0,0,
13000002229,20250808,1,778,8,0,1,0,Atención muy buena
13000002230,20240809,1,593,10,0,0,1,Volvería a comprar
13000002231,20240805,2,772,4,1,0,0,Entrega rápida y producto excelente
13000002232,20241106,2,32,7,0,1,0,Todo perfecto
13000002233,20240305,1,961,7,0,1,0,Atención muy buena
13000002234,20240829,1,1062,9,0,0,1,Podría mejorar el empaque
13000002235,20240625,1,700,7,0,1,0,Entrega rápida y producto excelente
13000002236,20250125,2,376,3,1,0,0,Muy conforme con la calidad
13000002237,20240316,1,866,8,0,1,0,Podría mejorar el empaque
13000002238,20240717,2,136,5,1,0,0,Tardó un poco más de lo esperado
13000002239,20240506,2,888,9,0,0,1,Muy conforme con la calidad
13000002240,20240128,1,1255,9,0,0,1,
13000002241,20240428,1,601,9,0,0,1,Podría mejorar el empaque
13000002242,20250411,1,204,7,0,1,0,Volvería a comprar
13000002243,20240624,2,859,8,0,1,0,
13000002244,20240624,1,1029,5,1,0,0,Podría mejorar el empaque
13000002245,20240321,2,447,8,0,1,0,Muy conforme con la calidad
13000002246,20250507,1,239,7,0,1,0,Volvería a comprar
13000002247,20240719,1,101,4,1,0,0,Tardó un poco más de lo esperado
13000002248,20241123,2,1263,9,0,0,1,Todo perfecto
13000002249,20240324,2,881,6,1,0,0,Atención muy buena
13000002250,20241229,2,360,7,0,1,0,Atención muy buena
13000002251,20240909,2,1373,3,1,0,0,Muy conforme con la calidad
13000002252,20240825,1,843,9,0,0,1,Entrega rápida y producto excelente
13000002253,20241113,1,307,9,0,0,1,Volvería a comprar
13000002254,20250803,1,1162,5,1,0,0,Todo perfecto
13000002255,20250505,2,708,8,0,1,0,Tardó un poco más de lo esperado
13000002256,20250113,1,1034,4,1,0,0,Volvería a comprar
13000002257,20250415,1,1492,4,1,0,0,Tardó un poco más de lo esperado
13000002258,20250314,1,1388,10,0,0,1,Volvería a comprar
13000002259,20240708,1,262,9,0,0,1,Todo perfecto
13000002260,20250626,1,1188,10,0,0,1,Entrega rápida y producto excelente
13000002261,20240311,1,678,9,0,0,1,Todo perfecto
13000002262,20250624,2,546,8,0,1,0,Volvería a comprar
13000002263,20250303,1,1206,8,0,1,0,Tardó un poco más de lo esperado
13000002264,20250425,2,27,10,0,0,1,Entrega rápida y producto excelente
13000002265,20250808,2,184,7,0,1,0,Atención muy buena
13000002266,20241209,1,536,8,0,1,0,Todo perfecto
13000002267,20240203,1,1350,10,0,0,1,Muy conforme con la calidad
13000002268,20241020,1,542,9,0,0,1,Tardó un poco más de lo esperado
13000002269,20250529,1,1151,10,0,0,1,Volvería a comprar
13000002270,20250821,2,1471,7,0,1,0,Todo perfecto
13000002271,20240520,2,672,6,1,0,0,Todo perfecto
13000002272,20250212,2,1259,10,0,0,1,
13000002273,20250922,1,1396,8,0,1,0,Atención muy buena
13000002274,20240527,1,284,8,0,1,0,
13000002275,20240923,1,183,7,0,1,0,Atención muy buena
13000002276,20240315,1,1353,4,1,0,0,
13000002277,20250827,2,978,10,0,0,1,
13000002278,20241003,1,1244,2,1,0,0,Entrega rápida y producto excelente
13000002279,20240729,1,1430,9,0,0,1,Entrega rápida y producto excelente
13000002280,20240515,2,1218,8,0,1,0,Muy conforme con la calidad
13000002281,20250915,1,574,9,0,0,1,Muy conforme con la calidad
13000002282,20240506,2,1287,7,0,1,0,Muy conforme con la calidad
13000002283,20240328,1,230,9,0,0,1,Entrega rápida y producto excelente
13000002284,20250704,2,314,6,1,0,0,Volvería a comprar
13000002285,20240423,2,203,8,0,1,0,Entrega rápida y producto excelente
13000002286,20240121,1,980,7,0,1,0,Entrega rápida y producto excelente
13000002287,20250422,1,37,8,0,1,0,Podría mejorar el empaque
13000002288,20250519,1,1444,10,0,0,1,Podría mejorar el empaque
13000002289,20240808,1,656,7,0,1,0,Todo perfecto
13000002290,20241221,1,731,3,1,0,0,Tardó un poco más de lo esperado
13000002291,20240911,2,1265,8,0,1,0,Tardó un poco más de lo esperado
13000002292,20250529,1,896,5,1,0,0,Podría mejorar el empaque
13000002293,20250707,1,372,9,0,0,1,Todo perfecto
13000002294,20250111,1,1175,7,0,1,0,Todo perfecto
13000002295,20240406,2,302,10,0,0,1,
13000002296,20250320,2,436,9,0,0,1,
13000002297,20250515,2,1245,3,1,0,0,Atención muy buena
13000002298,20240421,2,81,10,0,0,1,Podría mejorar el empaque
13000002299,20240201,1,1268,8,0,1,0,
13000002300,20240210,1,478,2,1,0,0,Tardó un poco más de lo esperado
13000002301,20240202,2,882,8,0,1,0,Atención muy buena
13000002302,20250322,2,673,10,0,0,1,Atención muy buena
13000002303,20241206,1,1352,9,0,0,1,Atención muy buena
13000002304,20241105,1,1495,10,0,0,1,
13000002305,20250210,2,760,8,0,1,0,Podría mejorar el empaque
13000002306,20240510,2,954,9,0,0,1,Muy conforme con la calidad
13000002307,20250711,1,212,7,0,1,0,Tardó un poco más de lo esperado
13000002308,20241210,2,1194,9,0,0,1,Podría mejorar el empaque
13000002309,20250922,1,31,10,0,0,1,Atención muy buena
13000002310,20240722,2,585,10,0,0,1,Muy conforme con la calidad
13000002311,20241224,2,140,9,0,0,1,Podría mejorar el empaque
13000002312,20241207,2,1096,7,0,1,0,Todo perfecto
13000002313,20241213,1,1468,9,0,0,1,
13000002314,20240111,2,1303,7,0,1,0,Tardó un poco más de lo esperado
13000002315,20240710,2,917,6,1,0,0,Podría mejorar el empaque
13000002316,20250815,1,153,9,0,0,1,Tardó un poco más de lo esperado
13000002317,20250215,1,1033,10,0,0,1,Atención muy buena
13000002318,20240311,2,323,5,1,0,0,Muy conforme con la calidad
13000002319,20250610,1,38,8,0,1,0,Todo perfecto
13000002320,20250807,1,1427,7,0,1,0,
13000002321,20240714,2,451,7,0,1,0,Podría mejorar el empaque
13000002322,20240408,2,883,10,0,0,1,Todo perfecto
13000002323,20241114,1,171,9,0,0,1,Muy conforme con la calidad
13000002324,20241230,1,1161,4,1,0,0,Tardó un poco más de lo esperado
13000002325,20250813,1,1450,3,1,0,0,Atención muy buena
13000002326,20240718,2,1079,8,0,1,0,Muy conforme con la calidad
13000002327,20250328,2,32,5,1,0,0,Muy conforme con la calidad
13000002328,20240427,2,1468,8,0,1,0,Muy conforme con la calidad
13000002329,20250917,1,940,9,0,0,1,Atención muy buena
13000002330,20241011,1,1290,10,0,0,1,Atención muy buena
13000002331,20250812,2,339,10,0,0,1,
13000002332,20250606,2,555,8,0,1,0,Volvería a comprar
13000002333,20240919,1,1048,6,1,0,0,
13000002334,20250630,2,1465,8,0,1,0,Muy conforme con la calidad
13000002335,20250421,1,700,8,0,1,0,Atención muy buena
13000002336,20250613,2,1280,8,0,1,0,Podría mejorar el empaque
13000002337,20250604,1,264,8,0,1,0,Volvería a comprar
13000002338,20250310,1,1476,9,0,0,1,
13000002339,20250528,2,283,6,1,0,0,Tardó un poco más de lo esperado
13000002340,20240416,1,1034,7,0,1,0,Muy conforme con la calidad
13000002341,20250820,1,61,8,0,1,0,Tardó un poco más de lo esperado
13000002342,20241012,2,1203,9,0,0,1,Muy conforme con la calidad
13000002343,20240624,2,298,9,0,0,1,Atención muy buena
13000002344,20240728,1,231,8,0,1,0,Atención muy buena
13000002345,20250902,1,141,5,1,0,0,Muy conforme con la calidad
13000002346,20240120,2,918,9,0,0,1,Atención muy buena
13000002347,20240409,2,494,9,0,0,1,Todo perfecto
13000002348,20250109,1,483,6,1,0,0,Entrega rápida y producto excelente
13000002349,20241008,2,1336,8,0,1,0,Muy conforme con la calidad
13000002350,20240207,1,541,9,0,0,1,Podría mejorar el empaque
13000002351,20240916,1,904,10,0,0,1,Tardó un poco más de lo esperado
13000002352,20250810,2,1406,8,0,1,0,
13000002353,20240612,2,945,10,0,0,1,Tardó un poco más de lo esperado
13000002354,20250530,2,892,9,0,0,1,Tardó un poco más de lo esperado
13000002355,20250623,2,1280,2,1,0,0,Volvería a comprar
13000002356,20250917,2,521,7,0,1,0,Volvería a comprar
13000002357,20240429,2,1077,10,0,0,1,Entrega rápida y producto excelente
13000002358,20250803,1,823,1,1,0,0,Todo perfecto
13000002359,20240208,1,175,5,1,0,0,Atención muy buena
13000002360,20250508,2,612,6,1,0,0,Tardó un poco más de lo esperado
13000002361,20251002,1,205,1,1,0,0,Entrega rápida y producto excelente
13000002362,20240401,1,924,9,0,0,1,
13000002363,20240302,1,698,6,1,0,0,Atención muy buena
13000002364,20240326,1,602,6,1,0,0,Muy conforme con la calidad
13000002365,20250305,1,910,4,1,0,0,Entrega rápida y producto excelente
13000002366,20250110,1,536,4,1,0,0,
13000002367,20250304,2,686,6,1,0,0,Volvería a comprar
13000002368,20241128,1,216,6,1,0,0,
13000002369,20241009,1,1296,7,0,1,0,Todo perfecto
13000002370,20240514,1,1176,10,0,0,1,Muy conforme con la calidad
13000002371,20250926,1,396,7,0,1,0,Tardó un poco más de lo esperado
13000002372,20240529,2,684,10,0,0,1,Todo perfecto
13000002373,20250226,2,650,9,0,0,1,Muy conforme con la calidad
13000002374,20250906,1,681,7,0,1,0,Atención muy buena
13000002375,20240703,1,892,4,1,0,0,Muy conforme con la calidad
13000002376,20250125,2,681,8,0,1,0,Entrega rápida y producto excelente
13000002377,20240816,1,618,7,0,1,0,
13000002378,20241210,1,1328,9,0,0,1,
13000002379,20240626,2,714,9,0,0,1,Atención muy buena
13000002380,20240516,2,585,9,0,0,1,Tardó un poco más de lo esperado
13000002381,20240908,2,630,8,0,1,0,Atención muy buena
13000002382,20250424,2,832,8,0,1,0,Muy conforme con la calidad
13000002383,20240814,1,995,9,0,0,1,Podría mejorar el empaque
13000002384,20240803,2,1347,8,0,1,0,Podría mejorar el empaque
13000002385,20250322,1,897,8,0,1,0,Podría mejorar el empaque
13000002386,20240420,2,732,10,0,0,1,Atención muy buena
13000002387,20250816,1,1068,4,1,0,0,Volvería a comprar
13000002388,20240913,1,486,6,1,0,0,Volvería a comprar
13000002389,20240407,1,230,8,0,1,0,Muy conforme con la calidad
13000002390,20240529,1,389,8,0,1,0,Podría mejorar el empaque
13000002391,20241225,1,1217,5,1,0,0,Volvería a comprar
13000002392,20240126,2,598,7,0,1,0,Volvería a comprar
13000002393,20250619,1,4,8,0,1,0,Entrega rápida y producto excelente
13000002394,20240422,2,543,9,0,0,1,
13000002395,20250302,1,1454,9,0,0,1,Atención muy buena
13000002396,20240205,2,356,9,0,0,1,Entrega rápida y producto excelente
13000002397,20240310,1,1243,8,0,1,0,Atención muy buena
13000002398,20250515,1,1345,9,0,0,1,Tardó un poco más de lo esperado
13000002399,20240815,1,1233,8,0,1,0,Muy conforme con la calidad
13000002400,20250913,2,905,8,0,1,0,Muy conforme con la calidad
13000002401,20241201,1,686,3,1,0,0,Podría mejorar el empaque
13000002402,20240127,1,713,7,0,1,0,
13000002403,20250301,1,498,9,0,0,1,Volvería a comprar
13000002404,20250521,1,375,10,0,0,1,Atención muy buena
13000002405,20250609,1,816,7,0,1,0,Todo perfecto
13000002406,20250403,1,209,9,0,0,1,
13000002407,20240708,1,199,2,1,0,0,Muy conforme con la calidad
13000002408,20240430,2,437,7,0,1,0,Tardó un poco más de lo esperado
13000002409,20250529,2,415,4,1,0,0,Todo perfecto
13000002410,20250830,1,1479,5,1,0,0,Muy conforme con la calidad
13000002411,20240503,2,410,7,0,1,0,Atención muy buena
13000002412,20240908,2,657,7,0,1,0,Volvería a comprar
13000002413,20250604,1,1032,9,0,0,1,Atención muy buena
13000002414,20240718,1,1270,10,0,0,1,Tardó un poco más de lo esperado
13000002415,20250215,1,1408,10,0,0,1,
13000002416,20240818,2,682,2,1,0,0,Entrega rápida y producto excelente
13000002417,20240205,1,447,7,0,1,0,Entrega rápida y producto excelente
13000002418,20240206,2,1398,9,0,0,1,Atención muy buena
13000002419,20250804,2,530,9,0,0,1,Tardó un poco más de lo esperado
13000002420,20241112,2,849,8,0,1,0,
13000002421,20250114,2,771,6,1,0,0,Todo perfecto
13000002422,20240602,1,200,6,1,0,0,Muy conforme con la calidad
13000002423,20250829,1,954,9,0,0,1,Atención muy buena
13000002424,20251005,1,241,8,0,1,0,Tardó un poco más de lo esperado
13000002425,20250124,2,1080,4,1,0,0,
13000002426,20240725,2,1071,6,1,0,0,Muy conforme con la calidad
13000002427,20250606,1,481,8,0,1,0,Podría mejorar el empaque
13000002428,20250703,1,658,8,0,1,0,Todo perfecto
13000002429,20250819,1,302,2,1,0,0,Todo perfecto
13000002430,20241026,2,472,5,1,0,0,Podría mejorar el empaque
13000002431,20240530,1,1251,7,0,1,0,Volvería a comprar
13000002432,20240312,2,1203,8,0,1,0,Volvería a comprar
13000002433,20250402,2,598,7,0,1,0,Atención muy buena
13000002434,20250403,2,1378,8,0,1,0,Entrega rápida y producto excelente
13000002435,20250622,2,31,9,0,0,1,Entrega rápida y producto excelente
13000002436,20250203,1,330,9,0,0,1,Atención muy buena
13000002437,20240526,2,673,8,0,1,0,Atención muy buena
13000002438,20250327,1,659,9,0,0,1,Entrega rápida y producto excelente
13000002439,20250323,1,211,2,1,0,0,Volvería a comprar
13000002440,20250410,1,506,9,0,0,1,
13000002441,20250222,1,1288,7,0,1,0,Muy conforme con la calidad
13000002442,20250710,2,1422,5,1,0,0,Atención muy buena
13000002443,20240414,1,1011,2,1,0,0,Volvería a comprar
13000002444,20241204,2,154,5,1,0,0,Tardó un poco más de lo esperado
13000002445,20250223,1,914,6,1,0,0,Volvería a comprar
13000002446,20241125,1,1362,6,1,0,0,Todo perfecto
13000002447,20241106,1,75,4,1,0,0,Tardó un poco más de lo esperado
13000002448,20250709,2,801,8,0,1,0,Podría mejorar el empaque
13000002449,20250525,2,1174,8,0,1,0,Tardó un poco más de lo esperado
13000002450,20250107,1,560,7,0,1,0,
13000002451,20250401,1,1286,9,0,0,1,Atención muy buena
13000002452,20240501,1,866,8,0,1,0,Volvería a comprar
13000002453,20240308,1,952,10,0,0,1,Volvería a comprar
13000002454,20240312,1,553,6,1,0,0,Volvería a comprar
13000002455,20250922,1,1238,0,1,0,0,Entrega rápida y producto excelente
13000002456,20241125,2,683,10,0,0,1,Tardó un poco más de lo esperado
13000002457,20250812,1,598,9,0,0,1,Todo perfecto
13000002458,20250701,1,1302,4,1,0,0,Atención muy buena
13000002459,20240418,1,85,1,1,0,0,Todo perfecto
13000002460,20250410,1,723,10,0,0,1,
13000002461,20241217,1,15,4,1,0,0,Volvería a comprar
13000002462,20241120,2,486,9,0,0,1,Entrega rápida y producto excelente
13000002463,20250914,2,726,10,0,0,1,Atención muy buena
13000002464,20250616,1,1348,8,0,1,0,Volvería a comprar
13000002465,20250215,1,28,8,0,1,0,Muy conforme con la calidad
13000002466,20241031,1,113,10,0,0,1,
13000002467,20240119,2,1433,8,0,1,0,
13000002468,20250524,1,479,7,0,1,0,Entrega rápida y producto excelente
13000002469,20240708,1,647,10,0,0,1,Muy conforme con la calidad
13000002470,20241020,1,62,6,1,0,0,Tardó un poco más de lo esperado
13000002471,20240818,1,112,4,1,0,0,Muy conforme con la calidad
13000002472,20250529,2,416,6,1,0,0,Muy conforme con la calidad
13000002473,20240312,2,907,10,0,0,1,Todo perfecto
13000002474,20241010,1,310,8,0,1,0,Podría mejorar el empaque
13000002475,20240724,1,889,3,1,0,0,Todo perfecto
13000002476,20240802,1,339,7,0,1,0,Entrega rápida y producto excelente
13000002477,20240719,2,418,4,1,0,0,Volvería a comprar
13000002478,20250629,1,713,9,0,0,1,
13000002479,20240321,2,462,10,0,0,1,Volvería a comprar
13000002480,20250207,1,1091,7,0,1,0,Todo perfecto
13000002481,20240630,1,867,10,0,0,1,Entrega rápida y producto excelente
13000002482,20250527,1,1237,10,0,0,1,Muy conforme con la calidad
13000002483,20250716,1,1441,9,0,0,1,Muy conforme con la calidad
13000002484,20250913,2,633,3,1,0,0,Muy conforme con la calidad
13000002485,20250919,1,204,9,0,0,1,
13000002486,20240117,1,1234,9,0,0,1,Tardó un poco más de lo esperado
13000002487,20240824,2,201,5,1,0,0,Atención muy buena
13000002488,20240813,2,1015,9,0,0,1,Podría mejorar el empaque
13000002489,20250129,2,385,7,0,1,0,Atención muy buena
13000002490,20240828,1,1099,8,0,1,0,Atención muy buena
13000002491,20240528,1,728,10,0,0,1,Muy conforme con la calidad
13000002492,20240513,2,1451,7,0,1,0,Tardó un poco más de lo esperado
13000002493,20240119,1,358,5,1,0,0,Podría mejorar el empaque
13000002494,20240630,2,856,10,0,0,1,Atención muy buena
13000002495,20250619,1,3,10,0,0,1,Todo perfecto
13000002496,20240809,1,732,9,0,0,1,Podría mejorar el empaque
13000002497,20240507,1,1410,10,0,0,1,Volvería a comprar
13000002498,20241029,2,138,7,0,1,0,Todo perfecto
13000002499,20240306,2,243,10,0,0,1,Podría mejorar el empaque
13000002500,20250902,1,32,8,0,1,0,Todo perfecto
13000002501,20240509,2,1280,9,0,0,1,Atención muy buena
13000002502,20240813,1,345,8,0,1,0,
13000002503,20241205,1,220,8,0,1,0,Todo perfecto
13000002504,20240724,1,1296,3,1,0,0,Atención muy buena
13000002505,20240302,1,547,10,0,0,1,Tardó un poco más de lo esperado
13000002506,20240825,2,1169,7,0,1,0,Volvería a comprar
13000002507,20241208,2,1217,7,0,1,0,Volvería a comprar
13000002508,20241025,1,126,8,0,1,0,Atención muy buena
13000002509,20240320,1,843,10,0,0,1,Todo perfecto
13000002510,20250215,1,1260,9,0,0,1,Tardó un poco más de lo esperado
13000002511,20241231,1,171,8,0,1,0,Volvería a comprar
13000002512,20241024,2,889,7,0,1,0,
13000002513,20240130,2,1012,4,1,0,0,Entrega rápida y producto excelente
13000002514,20240614,2,1418,6,1,0,0,Volvería a comprar
13000002515,20250724,2,677,10,0,0,1,Atención muy buena
13000002516,20250425,1,979,4,1,0,0,Volvería a comprar
13000002517,20250829,2,326,8,0,1,0,
13000002518,20240201,2,522,10,0,0,1,Tardó un poco más de lo esperado
13000002519,20250111,2,1326,8,0,1,0,
13000002520,20250908,1,228,8,0,1,0,Podría mejorar el empaque
13000002521,20250707,2,1093,6,1,0,0,Muy conforme con la calidad
13000002522,20250322,1,587,8,0,1,0,
13000002523,20241108,1,873,9,0,0,1,
13000002524,20240308,2,733,9,0,0,1,Muy conforme con la calidad
13000002525,20241008,1,276,7,0,1,0,Volvería a comprar
13000002526,20250915,2,1428,10,0,0,1,Volvería a comprar
13000002527,20240306,2,199,6,1,0,0,Todo perfecto
13000002528,20250405,1,221,9,0,0,1,Muy conforme con la calidad
13000002529,20240709,2,1015,10,0,0,1,
13000002530,20240518,1,6,6,1,0,0,Volvería a comprar
13000002531,20250515,2,1061,9,0,0,1,
13000002532,20241004,1,1271,10,0,0,1,Muy conforme con la calidad
13000002533,20240419,1,619,5,1,0,0,Tardó un poco más de lo esperado
13000002534,20241006,2,698,7,0,1,0,Volvería a comprar
13000002535,20241113,1,1484,9,0,0,1,Podría mejorar el empaque
13000002536,20240322,1,1316,8,0,1,0,
13000002537,20250205,1,1034,8,0,1,0,Podría mejorar el empaque
13000002538,20250420,2,790,7,0,1,0,Todo perfecto
13000002539,20250521,2,1399,5,1,0,0,Volvería a comprar
13000002540,20250207,1,1045,7,0,1,0,Podría mejorar el empaque
13000002541,20250810,2,59,9,0,0,1,Atención muy buena
13000002542,20240729,1,244,9,0,0,1,Atención muy buena
13000002543,20250704,1,408,9,0,0,1,Muy conforme con la calidad
13000002544,20250506,2,259,4,1,0,0,Entrega rápida y producto excelente
13000002545,20241011,2,960,9,0,0,1,Podría mejorar el empaque
13000002546,20240709,2,878,9,0,0,1,Atención muy buena
13000002547,20241124,1,584,1,1,0,0,
13000002548,20240729,1,397,6,1,0,0,
13000002549,20241015,2,167,9,0,0,1,Tardó un poco más de lo esperado
13000002550,20240116,2,1216,4,1,0,0,Todo perfecto
13000002551,20241107,1,1271,1,1,0,0,Muy conforme con la calidad
13000002552,20240805,1,1293,7,0,1,0,Podría mejorar el empaque
13000002553,20241031,2,223,4,1,0,0,Volvería a comprar
13000002554,20250818,2,201,6,1,0,0,Podría mejorar el empaque
13000002555,20250707,1,342,7,0,1,0,Tardó un poco más de lo esperado
13000002556,20240410,1,913,6,1,0,0,Podría mejorar el empaque
13000002557,20250301,1,752,0,1,0,0,Atención muy buena
13000002558,20240422,1,78,9,0,0,1,Todo perfecto
13000002559,20240411,2,60,9,0,0,1,Tardó un poco más de lo esperado
13000002560,20240722,1,1254,7,0,1,0,Muy conforme con la calidad
13000002561,20240417,1,183,7,0,1,0,Tardó un poco más de lo esperado
13000002562,20250818,2,591,5,1,0,0,Todo perfecto
13000002563,20250606,1,849,9,0,0,1,Podría mejorar el empaque
13000002564,20240513,2,1248,8,0,1,0,Podría mejorar el empaque
13000002565,20240112,2,741,6,1,0,0,Tardó un poco más de lo esperado
13000002566,20240610,2,1133,10,0,0,1,Tardó un poco más de lo esperado
13000002567,20241017,1,844,5,1,0,0,Entrega rápida y producto excelente
13000002568,20240126,1,313,4,1,0,0,Tardó un poco más de lo esperado
13000002569,20240215,2,891,7,0,1,0,Entrega rápida y producto excelente
13000002570,20250202,1,195,4,1,0,0,Entrega rápida y producto excelente
13000002571,20240814,1,642,8,0,1,0,Atención muy buena
13000002572,20241103,1,569,10,0,0,1,Muy conforme con la calidad
13000002573,20250419,1,1237,9,0,0,1,
13000002574,20250504,1,1407,8,0,1,0,Tardó un poco más de lo esperado
13000002575,20250201,1,1207,7,0,1,0,Volvería a comprar
13000002576,20240907,1,1236,7,0,1,0,Entrega rápida y producto excelente
13000002577,20240207,1,1279,9,0,0,1,Todo perfecto
13000002578,20250824,1,1439,8,0,1,0,Tardó un poco más de lo esperado
13000002579,20250713,1,858,7,0,1,0,Atención muy buena
13000002580,20250330,2,1479,9,0,0,1,Muy conforme con la calidad
13000002581,20250402,2,924,7,0,1,0,Entrega rápida y producto excelente
13000002582,20240424,2,382,8,0,1,0,Todo perfecto
13000002583,20250406,1,16,7,0,1,0,Muy conforme con la calidad
13000002584,20240719,1,862,8,0,1,0,Entrega rápida y producto excelente
13000002585,20251006,2,234,9,0,0,1,Todo perfecto
13000002586,20240608,2,475,6,1,0,0,Entrega rápida y producto excelente
13000002587,20240214,1,392,10,0,0,1,Tardó un poco más de lo esperado
13000002588,20250327,1,1141,6,1,0,0,Tardó un poco más de lo esperado
13000002589,20250911,1,183,2,1,0,0,Atención muy buena
13000002590,20250130,1,524,10,0,0,1,
13000002591,20250620,1,690,8,0,1,0,Todo perfecto
13000002592,20240708,1,284,5,1,0,0,Atención muy buena
13000002593,20240223,1,860,10,0,0,1,Tardó un poco más de lo esperado
13000002594,20240901,2,991,10,0,0,1,
13000002595,20250414,2,163,7,0,1,0,Todo perfecto
13000002596,20250521,1,1364,9,0,0,1,Todo perfecto
13000002597,20240329,2,1233,9,0,0,1,Muy conforme con la calidad
13000002598,20241209,1,1009,7,0,1,0,Volvería a comprar
13000002599,20250214,1,822,3,1,0,0,Todo perfecto
13000002600,20250425,1,1198,9,0,0,1,Todo perfecto
13000002601,20240226,1,652,9,0,0,1,Entrega rápida y producto excelente
13000002602,20240825,1,293,8,0,1,0,Atención muy buena
13000002603,20250311,2,9,5,1,0,0,Podría mejorar el empaque
13000002604,20240916,1,967,0,1,0,0,Tardó un poco más de lo esperado
13000002605,20241008,1,1090,10,0,0,1,Muy conforme con la calidad
13000002606,20240308,1,1324,7,0,1,0,Volvería a comprar
13000002607,20241203,1,212,4,1,0,0,Tardó un poco más de lo esperado
13000002608,20240714,1,77,8,0,1,0,
13000002609,20241019,1,1261,9,0,0,1,Muy conforme con la calidad
13000002610,20250209,1,820,8,0,1,0,Tardó un poco más de lo esperado
13000002611,20240705,1,1321,7,0,1,0,Entrega rápida y producto excelente
13000002612,20250526,2,709,7,0,1,0,Todo perfecto
13000002613,20240503,1,1325,10,0,0,1,Muy conforme con la calidad
13000002614,20250825,1,1339,7,0,1,0,Tardó un poco más de lo esperado
13000002615,20250424,1,136,3,1,0,0,Entrega rápida y producto excelente
13000002616,20240911,2,459,7,0,1,0,Atención muy buena
13000002617,20250108,2,334,4,1,0,0,Muy conforme con la calidad
13000002618,20240214,2,260,10,0,0,1,Muy conforme con la calidad
13000002619,20241210,2,264,8,0,1,0,Entrega rápida y producto excelente
13000002620,20250319,1,1060,10,0,0,1,Podría mejorar el empaque
13000002621,20250110,1,433,10,0,0,1,Tardó un poco más de lo esperado
13000002622,20250503,2,1056,10,0,0,1,
13000002623,20250408,1,246,9,0,0,1,
13000002624,20241104,1,1033,10,0,0,1,Atención muy buena
13000002625,20240602,2,1148,8,0,1,0,Entrega rápida y producto excelente
13000002626,20250220,1,511,10,0,0,1,Tardó un poco más de lo esperado
13000002627,20240813,1,264,9,0,0,1,Podría mejorar el empaque
13000002628,20250427,1,553,9,0,0,1,Volvería a comprar
13000002629,20241214,1,196,2,1,0,0,
13000002630,20240120,2,203,1,1,0,0,Volvería a comprar
13000002631,20241230,2,1076,4,1,0,0,Todo perfecto
13000002632,20240630,1,829,4,1,0,0,Atención muy buena
13000002633,20240925,1,245,10,0,0,1,Entrega rápida y producto excelente
13000002634,20250213,2,240,10,0,0,1,Todo perfecto
13000002635,20240807,1,1173,8,0,1,0,Atención muy buena
13000002636,20250210,2,243,8,0,1,0,Volvería a comprar
13000002637,20240303,1,1490,9,0,0,1,Podría mejorar el empaque
13000002638,20240207,2,583,7,0,1,0,
13000002639,20250317,2,1216,6,1,0,0,
13000002640,20250614,2,581,8,0,1,0,Atención muy buena
13000002641,20240419,1,136,0,1,0,0,Todo perfecto
13000002642,20250831,2,149,6,1,0,0,Muy conforme con la calidad
13000002643,20250116,1,1450,9,0,0,1,Muy conforme con la calidad
13000002644,20250128,1,722,8,0,1,0,Todo perfecto
13000002645,20250116,1,1389,9,0,0,1,Muy conforme con la calidad
13000002646,20240616,2,90,9,0,0,1,Atención muy buena
13000002647,20240927,1,1330,8,0,1,0,
13000002648,20240629,1,1170,2,1,0,0,Entrega rápida y producto excelente
13000002649,20240206,1,154,7,0,1,0,
13000002650,20250120,1,369,7,0,1,0,Muy conforme con la calidad
13000002651,20240625,2,70,8,0,1,0,Entrega rápida y producto excelente
13000002652,20240529,1,488,3,1,0,0,Tardó un poco más de lo esperado
13000002653,20240926,2,1059,7,0,1,0,Podría mejorar el empaque
13000002654,20250323,1,1459,0,1,0,0,Atención muy buena
13000002655,20250830,1,1124,10,0,0,1,Tardó un poco más de lo esperado
13000002656,20240704,1,1030,5,1,0,0,
13000002657,20250505,1,210,6,1,0,0,Entrega rápida y producto excelente
13000002658,20240731,1,184,9,0,0,1,Tardó un poco más de lo esperado
13000002659,20250607,2,513,7,0,1,0,Todo perfecto
13000002660,20250905,2,11,8,0,1,0,Podría mejorar el empaque
13000002661,20241022,1,762,8,0,1,0,
13000002662,20250221,1,385,5,1,0,0,Entrega rápida y producto excelente
13000002663,20250707,2,1061,6,1,0,0,
13000002664,20240130,1,820,8,0,1,0,Atención muy buena
13000002665,20250930,1,662,1,1,0,0,
13000002666,20241028,1,1419,9,0,0,1,Volvería a comprar
13000002667,20240504,2,1384,10,0,0,1,Tardó un poco más de lo esperado
13000002668,20240614,2,324,10,0,0,1,Volvería a comprar
13000002669,20240523,2,547,10,0,0,1,Volvería a comprar
13000002670,20240430,2,147,7,0,1,0,Muy conforme con la calidad
13000002671,20250629,1,548,7,0,1,0,Muy conforme con la calidad
13000002672,20240922,2,610,9,0,0,1,Todo perfecto
13000002673,20240904,1,20,8,0,1,0,Volvería a comprar
13000002674,20250807,2,560,1,1,0,0,
13000002675,20250114,2,28,8,0,1,0,Entrega rápida y producto excelente
13000002676,20250706,1,310,2,1,0,0,Podría mejorar el empaque
13000002677,20250329,2,879,10,0,0,1,Todo perfecto
13000002678,20241110,1,819,3,1,0,0,Atención muy buena
13000002679,20240430,2,1406,7,0,1,0,Tardó un poco más de lo esperado
13000002680,20250426,2,298,8,0,1,0,
13000002681,20241018,1,1210,9,0,0,1,Muy conforme con la calidad
13000002682,20250825,1,538,9,0,0,1,Entrega rápida y producto excelente
13000002683,20241210,2,566,8,0,1,0,Volvería a comprar
13000002684,20240713,1,1469,9,0,0,1,Muy conforme con la calidad
13000002685,20240830,2,1428,8,0,1,0,Volvería a comprar
13000002686,20250209,1,1398,4,1,0,0,Tardó un poco más de lo esperado
13000002687,20240924,1,899,4,1,0,0,Entrega rápida y producto excelente
13000002688,20250117,1,806,7,0,1,0,Podría mejorar el empaque
13000002689,20240210,2,1464,7,0,1,0,Volvería a comprar
13000002690,20250514,2,1105,7,0,1,0,
13000002691,20250205,1,847,9,0,0,1,Volvería a comprar
